"subj","age","condition","pos","item","response"
1,4,1,"adj","good_bad",0
2,5,1,"adj","good_bad",1
3,5,1,"adj","good_bad",1
4,5,1,"adj","good_bad",1
5,5,1,"adj","good_bad",1
6,5,1,"adj","good_bad",1
7,4,0,"adj","good_bad",0
8,5,0,"adj","good_bad",0
9,5,0,"adj","good_bad",0
10,4,0,"adj","good_bad",1
11,5,0,"adj","good_bad",1
12,4,1,"adj","good_bad",1
13,5,1,"adj","good_bad",0
14,4,1,"adj","good_bad",0
15,4,1,"adj","good_bad",1
16,4,1,"adj","good_bad",1
18,5,0,"adj","good_bad",0
20,5,0,"adj","good_bad",1
22,4,1,"adj","good_bad",0
23,5,1,"adj","good_bad",0
24,4,1,"adj","good_bad",0
26,4,1,"adj","good_bad",0
27,5,0,"adj","good_bad",1
28,4,0,"adj","good_bad",1
31,5,0,"adj","good_bad",1
32,4,1,"adj","good_bad",0
33,4,1,"adj","good_bad",1
35,4,1,"adj","good_bad",1
36,5,1,"adj","good_bad",1
37,4,0,"adj","good_bad",0
38,4,0,"adj","good_bad",0
42,4,1,"adj","good_bad",1
43,5,1,"adj","good_bad",1
44,4,1,"adj","good_bad",0
45,4,1,"adj","good_bad",1
46,4,1,"adj","good_bad",1
47,4,0,"adj","good_bad",0
48,5,0,"adj","good_bad",0
49,5,0,"adj","good_bad",0
50,4,0,"adj","good_bad",0
51,4,0,"adj","good_bad",0
52,5,1,"adj","good_bad",1
53,5,1,"adj","good_bad",0
54,5,1,"adj","good_bad",0
55,5,1,"adj","good_bad",1
58,4,0,"adj","good_bad",1
59,4,0,"adj","good_bad",0
60,5,0,"adj","good_bad",0
61,4,0,"adj","good_bad",1
62,5,0,"adj","good_bad",0
63,5,0,"adj","good_bad",0
64,4,0,"adj","good_bad",0
66,5,0,"adj","good_bad",1
67,4,0,"adj","good_bad",0
68,5,0,"adj","good_bad",1
69,5,0,"adj","good_bad",0
70,5,0,"adj","good_bad",0
71,5,0,"adj","good_bad",0
72,4,0,"adj","good_bad",0
73,5,0,"adj","good_bad",0
75,5,0,"adj","good_bad",1
76,5,0,"adj","good_bad",1
77,5,0,"adj","good_bad",1
78,4,0,"adj","good_bad",1
79,5,0,"adj","good_bad",0
80,5,0,"adj","good_bad",1
81,5,0,"adj","good_bad",0
82,5,1,"adj","good_bad",1
83,5,0,"adj","good_bad",0
84,5,1,"adj","good_bad",1
85,5,1,"adj","good_bad",1
86,5,1,"adj","good_bad",1
87,5,1,"adj","good_bad",0
88,4,1,"adj","good_bad",1
89,5,1,"adj","good_bad",1
90,4,0,"adj","good_bad",0
91,5,0,"adj","good_bad",0
92,5,0,"adj","good_bad",1
93,5,1,"adj","good_bad",1
94,4,0,"adj","good_bad",1
96,5,1,"adj","good_bad",0
98,4,0,"adj","good_bad",0
99,4,1,"adj","good_bad",1
100,4,1,"adj","good_bad",1
101,5,1,"adj","good_bad",1
102,4,0,"adj","good_bad",0
103,4,1,"adj","good_bad",0
104,4,1,"adj","good_bad",0
105,4,1,"adj","good_bad",0
106,5,0,"adj","good_bad",1
107,4,1,"adj","good_bad",0
108,5,0,"adj","good_bad",1
109,4,1,"adj","good_bad",1
111,5,1,"adj","good_bad",0
112,4,1,"adj","good_bad",1
113,4,1,"adj","good_bad",0
114,5,1,"adj","good_bad",1
115,4,0,"adj","good_bad",0
116,4,0,"adj","good_bad",0
117,4,0,"adj","good_bad",1
118,4,0,"adj","good_bad",1
119,4,0,"adj","good_bad",1
120,4,0,"adj","good_bad",0
122,4,1,"adj","good_bad",1
123,4,1,"adj","good_bad",1
124,4,1,"adj","good_bad",0
125,4,1,"adj","good_bad",0
1,4,1,"adj","big_little",1
2,5,1,"adj","big_little",1
3,5,1,"adj","big_little",1
4,5,1,"adj","big_little",0
5,5,1,"adj","big_little",1
6,5,1,"adj","big_little",1
7,4,0,"adj","big_little",1
8,5,0,"adj","big_little",0
9,5,0,"adj","big_little",0
10,4,0,"adj","big_little",1
11,5,0,"adj","big_little",1
12,4,1,"adj","big_little",0
13,5,1,"adj","big_little",0
14,4,1,"adj","big_little",1
15,4,1,"adj","big_little",0
16,4,1,"adj","big_little",1
18,5,0,"adj","big_little",1
20,5,0,"adj","big_little",0
22,4,1,"adj","big_little",0
23,5,1,"adj","big_little",1
24,4,1,"adj","big_little",0
26,4,1,"adj","big_little",1
27,5,0,"adj","big_little",1
28,4,0,"adj","big_little",1
31,5,0,"adj","big_little",0
32,4,1,"adj","big_little",0
33,4,1,"adj","big_little",0
35,4,1,"adj","big_little",0
36,5,1,"adj","big_little",1
37,4,0,"adj","big_little",0
38,4,0,"adj","big_little",0
42,4,1,"adj","big_little",1
43,5,1,"adj","big_little",1
44,4,1,"adj","big_little",1
45,4,1,"adj","big_little",0
46,4,1,"adj","big_little",0
47,4,0,"adj","big_little",1
48,5,0,"adj","big_little",0
49,5,0,"adj","big_little",1
50,4,0,"adj","big_little",0
51,4,0,"adj","big_little",0
52,5,1,"adj","big_little",0
53,5,1,"adj","big_little",0
54,5,1,"adj","big_little",0
55,5,1,"adj","big_little",1
58,4,0,"adj","big_little",0
59,4,0,"adj","big_little",0
60,5,0,"adj","big_little",0
61,4,0,"adj","big_little",1
62,5,0,"adj","big_little",1
63,5,0,"adj","big_little",0
64,4,0,"adj","big_little",0
66,5,0,"adj","big_little",1
67,4,0,"adj","big_little",1
68,5,0,"adj","big_little",0
69,5,0,"adj","big_little",0
70,5,0,"adj","big_little",0
71,5,0,"adj","big_little",0
72,4,0,"adj","big_little",0
73,5,0,"adj","big_little",0
75,5,0,"adj","big_little",1
76,5,0,"adj","big_little",1
77,5,0,"adj","big_little",0
78,4,0,"adj","big_little",1
79,5,0,"adj","big_little",1
80,5,0,"adj","big_little",1
81,5,0,"adj","big_little",0
82,5,1,"adj","big_little",1
83,5,0,"adj","big_little",1
84,5,1,"adj","big_little",0
85,5,1,"adj","big_little",0
86,5,1,"adj","big_little",1
87,5,1,"adj","big_little",1
88,4,1,"adj","big_little",1
89,5,1,"adj","big_little",1
90,4,0,"adj","big_little",0
91,5,0,"adj","big_little",0
92,5,0,"adj","big_little",1
93,5,1,"adj","big_little",1
94,4,0,"adj","big_little",0
96,5,1,"adj","big_little",0
98,4,0,"adj","big_little",1
99,4,1,"adj","big_little",1
100,4,1,"adj","big_little",1
101,5,1,"adj","big_little",1
102,4,0,"adj","big_little",0
103,4,1,"adj","big_little",1
104,4,1,"adj","big_little",1
105,4,1,"adj","big_little",1
106,5,0,"adj","big_little",1
107,4,1,"adj","big_little",0
108,5,0,"adj","big_little",0
109,4,1,"adj","big_little",0
111,5,1,"adj","big_little",0
112,4,1,"adj","big_little",1
113,4,1,"adj","big_little",0
114,5,1,"adj","big_little",1
115,4,0,"adj","big_little",0
116,4,0,"adj","big_little",0
117,4,0,"adj","big_little",1
118,4,0,"adj","big_little",0
119,4,0,"adj","big_little",1
120,4,0,"adj","big_little",0
122,4,1,"adj","big_little",1
123,4,1,"adj","big_little",1
124,4,1,"adj","big_little",0
125,4,1,"adj","big_little",0
1,4,1,"adj","cold_hot",1
2,5,1,"adj","cold_hot",1
3,5,1,"adj","cold_hot",1
4,5,1,"adj","cold_hot",1
5,5,1,"adj","cold_hot",1
6,5,1,"adj","cold_hot",1
7,4,0,"adj","cold_hot",0
8,5,0,"adj","cold_hot",0
9,5,0,"adj","cold_hot",0
10,4,0,"adj","cold_hot",1
11,5,0,"adj","cold_hot",1
12,4,1,"adj","cold_hot",0
13,5,1,"adj","cold_hot",0
14,4,1,"adj","cold_hot",1
15,4,1,"adj","cold_hot",0
16,4,1,"adj","cold_hot",1
18,5,0,"adj","cold_hot",0
20,5,0,"adj","cold_hot",0
22,4,1,"adj","cold_hot",0
23,5,1,"adj","cold_hot",1
24,4,1,"adj","cold_hot",0
26,4,1,"adj","cold_hot",1
27,5,0,"adj","cold_hot",1
28,4,0,"adj","cold_hot",1
31,5,0,"adj","cold_hot",0
32,4,1,"adj","cold_hot",0
33,4,1,"adj","cold_hot",0
35,4,1,"adj","cold_hot",0
36,5,1,"adj","cold_hot",1
37,4,0,"adj","cold_hot",0
38,4,0,"adj","cold_hot",1
42,4,1,"adj","cold_hot",1
43,5,1,"adj","cold_hot",1
44,4,1,"adj","cold_hot",0
45,4,1,"adj","cold_hot",1
46,4,1,"adj","cold_hot",1
47,4,0,"adj","cold_hot",1
48,5,0,"adj","cold_hot",1
49,5,0,"adj","cold_hot",1
50,4,0,"adj","cold_hot",0
51,4,0,"adj","cold_hot",1
52,5,1,"adj","cold_hot",1
53,5,1,"adj","cold_hot",1
54,5,1,"adj","cold_hot",1
55,5,1,"adj","cold_hot",1
58,4,0,"adj","cold_hot",1
59,4,0,"adj","cold_hot",0
60,5,0,"adj","cold_hot",1
61,4,0,"adj","cold_hot",1
62,5,0,"adj","cold_hot",1
63,5,0,"adj","cold_hot",0
64,4,0,"adj","cold_hot",0
66,5,0,"adj","cold_hot",1
67,4,0,"adj","cold_hot",1
68,5,0,"adj","cold_hot",1
69,5,0,"adj","cold_hot",1
70,5,0,"adj","cold_hot",1
71,5,0,"adj","cold_hot",1
72,4,0,"adj","cold_hot",0
73,5,0,"adj","cold_hot",1
75,5,0,"adj","cold_hot",1
76,5,0,"adj","cold_hot",1
77,5,0,"adj","cold_hot",0
78,4,0,"adj","cold_hot",1
79,5,0,"adj","cold_hot",1
80,5,0,"adj","cold_hot",1
81,5,0,"adj","cold_hot",0
82,5,1,"adj","cold_hot",1
83,5,0,"adj","cold_hot",1
84,5,1,"adj","cold_hot",1
85,5,1,"adj","cold_hot",0
86,5,1,"adj","cold_hot",1
87,5,1,"adj","cold_hot",0
88,4,1,"adj","cold_hot",1
89,5,1,"adj","cold_hot",1
90,4,0,"adj","cold_hot",0
91,5,0,"adj","cold_hot",1
92,5,0,"adj","cold_hot",1
93,5,1,"adj","cold_hot",1
94,4,0,"adj","cold_hot",0
96,5,1,"adj","cold_hot",0
98,4,0,"adj","cold_hot",1
99,4,1,"adj","cold_hot",1
100,4,1,"adj","cold_hot",1
101,5,1,"adj","cold_hot",1
102,4,0,"adj","cold_hot",0
103,4,1,"adj","cold_hot",1
104,4,1,"adj","cold_hot",1
105,4,1,"adj","cold_hot",1
106,5,0,"adj","cold_hot",1
107,4,1,"adj","cold_hot",0
108,5,0,"adj","cold_hot",0
109,4,1,"adj","cold_hot",0
111,5,1,"adj","cold_hot",1
112,4,1,"adj","cold_hot",1
113,4,1,"adj","cold_hot",1
114,5,1,"adj","cold_hot",1
115,4,0,"adj","cold_hot",0
116,4,0,"adj","cold_hot",0
117,4,0,"adj","cold_hot",1
118,4,0,"adj","cold_hot",1
119,4,0,"adj","cold_hot",1
120,4,0,"adj","cold_hot",0
122,4,1,"adj","cold_hot",1
123,4,1,"adj","cold_hot",0
124,4,1,"adj","cold_hot",0
125,4,1,"adj","cold_hot",1
1,4,1,"adj","wet_dry",1
2,5,1,"adj","wet_dry",1
3,5,1,"adj","wet_dry",1
4,5,1,"adj","wet_dry",1
5,5,1,"adj","wet_dry",1
6,5,1,"adj","wet_dry",1
7,4,0,"adj","wet_dry",0
8,5,0,"adj","wet_dry",0
9,5,0,"adj","wet_dry",0
10,4,0,"adj","wet_dry",1
11,5,0,"adj","wet_dry",1
12,4,1,"adj","wet_dry",1
13,5,1,"adj","wet_dry",1
14,4,1,"adj","wet_dry",1
15,4,1,"adj","wet_dry",0
16,4,1,"adj","wet_dry",1
18,5,0,"adj","wet_dry",1
20,5,0,"adj","wet_dry",1
22,4,1,"adj","wet_dry",0
23,5,1,"adj","wet_dry",1
24,4,1,"adj","wet_dry",0
26,4,1,"adj","wet_dry",1
27,5,0,"adj","wet_dry",1
28,4,0,"adj","wet_dry",0
31,5,0,"adj","wet_dry",1
32,4,1,"adj","wet_dry",0
33,4,1,"adj","wet_dry",0
35,4,1,"adj","wet_dry",1
36,5,1,"adj","wet_dry",1
37,4,0,"adj","wet_dry",1
38,4,0,"adj","wet_dry",0
42,4,1,"adj","wet_dry",1
43,5,1,"adj","wet_dry",1
44,4,1,"adj","wet_dry",0
45,4,1,"adj","wet_dry",0
46,4,1,"adj","wet_dry",0
47,4,0,"adj","wet_dry",1
48,5,0,"adj","wet_dry",0
49,5,0,"adj","wet_dry",1
50,4,0,"adj","wet_dry",0
51,4,0,"adj","wet_dry",0
52,5,1,"adj","wet_dry",1
53,5,1,"adj","wet_dry",1
54,5,1,"adj","wet_dry",1
55,5,1,"adj","wet_dry",1
58,4,0,"adj","wet_dry",1
59,4,0,"adj","wet_dry",1
60,5,0,"adj","wet_dry",1
61,4,0,"adj","wet_dry",1
62,5,0,"adj","wet_dry",1
63,5,0,"adj","wet_dry",1
64,4,0,"adj","wet_dry",0
66,5,0,"adj","wet_dry",1
67,4,0,"adj","wet_dry",0
68,5,0,"adj","wet_dry",1
69,5,0,"adj","wet_dry",1
70,5,0,"adj","wet_dry",1
71,5,0,"adj","wet_dry",1
72,4,0,"adj","wet_dry",0
73,5,0,"adj","wet_dry",1
75,5,0,"adj","wet_dry",1
76,5,0,"adj","wet_dry",1
77,5,0,"adj","wet_dry",0
78,4,0,"adj","wet_dry",1
79,5,0,"adj","wet_dry",1
80,5,0,"adj","wet_dry",1
81,5,0,"adj","wet_dry",1
82,5,1,"adj","wet_dry",1
83,5,0,"adj","wet_dry",1
84,5,1,"adj","wet_dry",1
85,5,1,"adj","wet_dry",0
86,5,1,"adj","wet_dry",1
87,5,1,"adj","wet_dry",0
88,4,1,"adj","wet_dry",1
89,5,1,"adj","wet_dry",1
90,4,0,"adj","wet_dry",0
91,5,0,"adj","wet_dry",1
92,5,0,"adj","wet_dry",1
93,5,1,"adj","wet_dry",1
94,4,0,"adj","wet_dry",1
96,5,1,"adj","wet_dry",0
98,4,0,"adj","wet_dry",1
99,4,1,"adj","wet_dry",1
100,4,1,"adj","wet_dry",1
101,5,1,"adj","wet_dry",1
102,4,0,"adj","wet_dry",0
103,4,1,"adj","wet_dry",0
104,4,1,"adj","wet_dry",1
105,4,1,"adj","wet_dry",1
106,5,0,"adj","wet_dry",0
107,4,1,"adj","wet_dry",0
108,5,0,"adj","wet_dry",0
109,4,1,"adj","wet_dry",1
111,5,1,"adj","wet_dry",1
112,4,1,"adj","wet_dry",1
113,4,1,"adj","wet_dry",1
114,5,1,"adj","wet_dry",1
115,4,0,"adj","wet_dry",1
116,4,0,"adj","wet_dry",0
117,4,0,"adj","wet_dry",0
118,4,0,"adj","wet_dry",0
119,4,0,"adj","wet_dry",1
120,4,0,"adj","wet_dry",0
122,4,1,"adj","wet_dry",1
123,4,1,"adj","wet_dry",1
124,4,1,"adj","wet_dry",0
125,4,1,"adj","wet_dry",1
1,4,1,"adj","happy_sad",0
2,5,1,"adj","happy_sad",1
3,5,1,"adj","happy_sad",1
4,5,1,"adj","happy_sad",1
5,5,1,"adj","happy_sad",1
6,5,1,"adj","happy_sad",1
7,4,0,"adj","happy_sad",0
8,5,0,"adj","happy_sad",0
9,5,0,"adj","happy_sad",1
10,4,0,"adj","happy_sad",1
11,5,0,"adj","happy_sad",0
12,4,1,"adj","happy_sad",0
13,5,1,"adj","happy_sad",1
14,4,1,"adj","happy_sad",1
15,4,1,"adj","happy_sad",0
16,4,1,"adj","happy_sad",1
18,5,0,"adj","happy_sad",1
20,5,0,"adj","happy_sad",0
22,4,1,"adj","happy_sad",0
23,5,1,"adj","happy_sad",1
24,4,1,"adj","happy_sad",0
26,4,1,"adj","happy_sad",1
27,5,0,"adj","happy_sad",1
28,4,0,"adj","happy_sad",1
31,5,0,"adj","happy_sad",1
32,4,1,"adj","happy_sad",1
33,4,1,"adj","happy_sad",0
35,4,1,"adj","happy_sad",1
36,5,1,"adj","happy_sad",1
37,4,0,"adj","happy_sad",1
38,4,0,"adj","happy_sad",1
42,4,1,"adj","happy_sad",1
43,5,1,"adj","happy_sad",1
44,4,1,"adj","happy_sad",1
45,4,1,"adj","happy_sad",1
46,4,1,"adj","happy_sad",1
47,4,0,"adj","happy_sad",0
48,5,0,"adj","happy_sad",1
49,5,0,"adj","happy_sad",1
50,4,0,"adj","happy_sad",0
51,4,0,"adj","happy_sad",0
52,5,1,"adj","happy_sad",1
53,5,1,"adj","happy_sad",0
54,5,1,"adj","happy_sad",1
55,5,1,"adj","happy_sad",1
58,4,0,"adj","happy_sad",1
59,4,0,"adj","happy_sad",1
60,5,0,"adj","happy_sad",1
61,4,0,"adj","happy_sad",1
62,5,0,"adj","happy_sad",1
63,5,0,"adj","happy_sad",1
64,4,0,"adj","happy_sad",0
66,5,0,"adj","happy_sad",1
67,4,0,"adj","happy_sad",1
68,5,0,"adj","happy_sad",0
69,5,0,"adj","happy_sad",0
70,5,0,"adj","happy_sad",1
71,5,0,"adj","happy_sad",1
72,4,0,"adj","happy_sad",1
73,5,0,"adj","happy_sad",1
75,5,0,"adj","happy_sad",1
76,5,0,"adj","happy_sad",1
77,5,0,"adj","happy_sad",1
78,4,0,"adj","happy_sad",1
79,5,0,"adj","happy_sad",0
80,5,0,"adj","happy_sad",1
81,5,0,"adj","happy_sad",1
82,5,1,"adj","happy_sad",1
83,5,0,"adj","happy_sad",1
84,5,1,"adj","happy_sad",1
85,5,1,"adj","happy_sad",0
86,5,1,"adj","happy_sad",1
87,5,1,"adj","happy_sad",1
88,4,1,"adj","happy_sad",1
89,5,1,"adj","happy_sad",1
90,4,0,"adj","happy_sad",1
91,5,0,"adj","happy_sad",1
92,5,0,"adj","happy_sad",1
93,5,1,"adj","happy_sad",1
94,4,0,"adj","happy_sad",1
96,5,1,"adj","happy_sad",1
98,4,0,"adj","happy_sad",1
99,4,1,"adj","happy_sad",1
100,4,1,"adj","happy_sad",1
101,5,1,"adj","happy_sad",1
102,4,0,"adj","happy_sad",1
103,4,1,"adj","happy_sad",1
104,4,1,"adj","happy_sad",1
105,4,1,"adj","happy_sad",1
106,5,0,"adj","happy_sad",1
107,4,1,"adj","happy_sad",0
108,5,0,"adj","happy_sad",1
109,4,1,"adj","happy_sad",0
111,5,1,"adj","happy_sad",0
112,4,1,"adj","happy_sad",0
113,4,1,"adj","happy_sad",0
114,5,1,"adj","happy_sad",1
115,4,0,"adj","happy_sad",0
116,4,0,"adj","happy_sad",0
117,4,0,"adj","happy_sad",1
118,4,0,"adj","happy_sad",1
119,4,0,"adj","happy_sad",1
120,4,0,"adj","happy_sad",1
122,4,1,"adj","happy_sad",1
123,4,1,"adj","happy_sad",1
124,4,1,"adj","happy_sad",0
125,4,1,"adj","happy_sad",0
1,4,1,"adj","fast_slow",0
2,5,1,"adj","fast_slow",1
3,5,1,"adj","fast_slow",1
4,5,1,"adj","fast_slow",1
5,5,1,"adj","fast_slow",1
6,5,1,"adj","fast_slow",1
7,4,0,"adj","fast_slow",0
8,5,0,"adj","fast_slow",0
9,5,0,"adj","fast_slow",1
10,4,0,"adj","fast_slow",1
11,5,0,"adj","fast_slow",0
12,4,1,"adj","fast_slow",1
13,5,1,"adj","fast_slow",1
14,4,1,"adj","fast_slow",1
15,4,1,"adj","fast_slow",1
16,4,1,"adj","fast_slow",1
18,5,0,"adj","fast_slow",1
20,5,0,"adj","fast_slow",0
22,4,1,"adj","fast_slow",1
23,5,1,"adj","fast_slow",1
24,4,1,"adj","fast_slow",1
26,4,1,"adj","fast_slow",1
27,5,0,"adj","fast_slow",1
28,4,0,"adj","fast_slow",1
31,5,0,"adj","fast_slow",0
32,4,1,"adj","fast_slow",1
33,4,1,"adj","fast_slow",1
35,4,1,"adj","fast_slow",0
36,5,1,"adj","fast_slow",1
37,4,0,"adj","fast_slow",1
38,4,0,"adj","fast_slow",0
42,4,1,"adj","fast_slow",1
43,5,1,"adj","fast_slow",1
44,4,1,"adj","fast_slow",1
45,4,1,"adj","fast_slow",0
46,4,1,"adj","fast_slow",1
47,4,0,"adj","fast_slow",0
48,5,0,"adj","fast_slow",0
49,5,0,"adj","fast_slow",1
50,4,0,"adj","fast_slow",1
51,4,0,"adj","fast_slow",0
52,5,1,"adj","fast_slow",0
53,5,1,"adj","fast_slow",1
54,5,1,"adj","fast_slow",1
55,5,1,"adj","fast_slow",1
58,4,0,"adj","fast_slow",1
59,4,0,"adj","fast_slow",1
60,5,0,"adj","fast_slow",1
61,4,0,"adj","fast_slow",1
62,5,0,"adj","fast_slow",1
63,5,0,"adj","fast_slow",1
64,4,0,"adj","fast_slow",1
66,5,0,"adj","fast_slow",0
67,4,0,"adj","fast_slow",1
68,5,0,"adj","fast_slow",1
69,5,0,"adj","fast_slow",1
70,5,0,"adj","fast_slow",0
71,5,0,"adj","fast_slow",1
72,4,0,"adj","fast_slow",1
73,5,0,"adj","fast_slow",1
75,5,0,"adj","fast_slow",1
76,5,0,"adj","fast_slow",1
77,5,0,"adj","fast_slow",1
78,4,0,"adj","fast_slow",1
79,5,0,"adj","fast_slow",1
80,5,0,"adj","fast_slow",1
81,5,0,"adj","fast_slow",0
82,5,1,"adj","fast_slow",1
83,5,0,"adj","fast_slow",1
84,5,1,"adj","fast_slow",1
85,5,1,"adj","fast_slow",1
86,5,1,"adj","fast_slow",1
87,5,1,"adj","fast_slow",0
88,4,1,"adj","fast_slow",1
89,5,1,"adj","fast_slow",1
90,4,0,"adj","fast_slow",1
91,5,0,"adj","fast_slow",1
92,5,0,"adj","fast_slow",1
93,5,1,"adj","fast_slow",1
94,4,0,"adj","fast_slow",0
96,5,1,"adj","fast_slow",1
98,4,0,"adj","fast_slow",1
99,4,1,"adj","fast_slow",1
100,4,1,"adj","fast_slow",1
101,5,1,"adj","fast_slow",1
102,4,0,"adj","fast_slow",1
103,4,1,"adj","fast_slow",1
104,4,1,"adj","fast_slow",1
105,4,1,"adj","fast_slow",1
106,5,0,"adj","fast_slow",1
107,4,1,"adj","fast_slow",0
108,5,0,"adj","fast_slow",1
109,4,1,"adj","fast_slow",1
111,5,1,"adj","fast_slow",0
112,4,1,"adj","fast_slow",1
113,4,1,"adj","fast_slow",1
114,5,1,"adj","fast_slow",1
115,4,0,"adj","fast_slow",0
116,4,0,"adj","fast_slow",1
117,4,0,"adj","fast_slow",1
118,4,0,"adj","fast_slow",1
119,4,0,"adj","fast_slow",1
120,4,0,"adj","fast_slow",1
122,4,1,"adj","fast_slow",1
123,4,1,"adj","fast_slow",1
124,4,1,"adj","fast_slow",1
125,4,1,"adj","fast_slow",1
1,4,1,"adj","awake_asleep",0
2,5,1,"adj","awake_asleep",1
3,5,1,"adj","awake_asleep",1
4,5,1,"adj","awake_asleep",1
5,5,1,"adj","awake_asleep",1
6,5,1,"adj","awake_asleep",1
7,4,0,"adj","awake_asleep",1
8,5,0,"adj","awake_asleep",1
9,5,0,"adj","awake_asleep",1
10,4,0,"adj","awake_asleep",0
11,5,0,"adj","awake_asleep",1
12,4,1,"adj","awake_asleep",0
13,5,1,"adj","awake_asleep",1
14,4,1,"adj","awake_asleep",1
15,4,1,"adj","awake_asleep",0
16,4,1,"adj","awake_asleep",1
18,5,0,"adj","awake_asleep",0
20,5,0,"adj","awake_asleep",0
22,4,1,"adj","awake_asleep",0
23,5,1,"adj","awake_asleep",1
24,4,1,"adj","awake_asleep",1
26,4,1,"adj","awake_asleep",1
27,5,0,"adj","awake_asleep",1
28,4,0,"adj","awake_asleep",1
31,5,0,"adj","awake_asleep",0
32,4,1,"adj","awake_asleep",0
33,4,1,"adj","awake_asleep",0
35,4,1,"adj","awake_asleep",1
36,5,1,"adj","awake_asleep",1
37,4,0,"adj","awake_asleep",1
38,4,0,"adj","awake_asleep",0
42,4,1,"adj","awake_asleep",1
43,5,1,"adj","awake_asleep",1
44,4,1,"adj","awake_asleep",0
45,4,1,"adj","awake_asleep",1
46,4,1,"adj","awake_asleep",1
47,4,0,"adj","awake_asleep",0
48,5,0,"adj","awake_asleep",1
49,5,0,"adj","awake_asleep",1
50,4,0,"adj","awake_asleep",0
51,4,0,"adj","awake_asleep",0
52,5,1,"adj","awake_asleep",1
53,5,1,"adj","awake_asleep",1
54,5,1,"adj","awake_asleep",1
55,5,1,"adj","awake_asleep",1
58,4,0,"adj","awake_asleep",1
59,4,0,"adj","awake_asleep",1
60,5,0,"adj","awake_asleep",0
61,4,0,"adj","awake_asleep",1
62,5,0,"adj","awake_asleep",1
63,5,0,"adj","awake_asleep",1
64,4,0,"adj","awake_asleep",1
66,5,0,"adj","awake_asleep",1
67,4,0,"adj","awake_asleep",1
68,5,0,"adj","awake_asleep",0
69,5,0,"adj","awake_asleep",1
70,5,0,"adj","awake_asleep",1
71,5,0,"adj","awake_asleep",0
72,4,0,"adj","awake_asleep",0
73,5,0,"adj","awake_asleep",1
75,5,0,"adj","awake_asleep",1
76,5,0,"adj","awake_asleep",1
77,5,0,"adj","awake_asleep",1
78,4,0,"adj","awake_asleep",1
79,5,0,"adj","awake_asleep",1
80,5,0,"adj","awake_asleep",1
81,5,0,"adj","awake_asleep",1
82,5,1,"adj","awake_asleep",1
83,5,0,"adj","awake_asleep",1
84,5,1,"adj","awake_asleep",1
85,5,1,"adj","awake_asleep",0
86,5,1,"adj","awake_asleep",1
87,5,1,"adj","awake_asleep",1
88,4,1,"adj","awake_asleep",1
89,5,1,"adj","awake_asleep",1
90,4,0,"adj","awake_asleep",0
91,5,0,"adj","awake_asleep",1
92,5,0,"adj","awake_asleep",1
93,5,1,"adj","awake_asleep",1
94,4,0,"adj","awake_asleep",0
96,5,1,"adj","awake_asleep",1
98,4,0,"adj","awake_asleep",1
99,4,1,"adj","awake_asleep",1
100,4,1,"adj","awake_asleep",1
101,5,1,"adj","awake_asleep",1
102,4,0,"adj","awake_asleep",0
103,4,1,"adj","awake_asleep",1
104,4,1,"adj","awake_asleep",1
105,4,1,"adj","awake_asleep",1
106,5,0,"adj","awake_asleep",1
107,4,1,"adj","awake_asleep",1
108,5,0,"adj","awake_asleep",1
109,4,1,"adj","awake_asleep",1
111,5,1,"adj","awake_asleep",0
112,4,1,"adj","awake_asleep",1
113,4,1,"adj","awake_asleep",1
114,5,1,"adj","awake_asleep",1
115,4,0,"adj","awake_asleep",0
116,4,0,"adj","awake_asleep",1
117,4,0,"adj","awake_asleep",0
118,4,0,"adj","awake_asleep",1
119,4,0,"adj","awake_asleep",0
120,4,0,"adj","awake_asleep",1
122,4,1,"adj","awake_asleep",1
123,4,1,"adj","awake_asleep",1
124,4,1,"adj","awake_asleep",0
125,4,1,"adj","awake_asleep",1
1,4,1,"adj","tall_short",1
2,5,1,"adj","tall_short",1
3,5,1,"adj","tall_short",1
4,5,1,"adj","tall_short",1
5,5,1,"adj","tall_short",1
6,5,1,"adj","tall_short",1
7,4,0,"adj","tall_short",1
8,5,0,"adj","tall_short",1
9,5,0,"adj","tall_short",1
10,4,0,"adj","tall_short",1
11,5,0,"adj","tall_short",0
12,4,1,"adj","tall_short",0
13,5,1,"adj","tall_short",1
14,4,1,"adj","tall_short",1
15,4,1,"adj","tall_short",1
16,4,1,"adj","tall_short",1
18,5,0,"adj","tall_short",1
20,5,0,"adj","tall_short",1
22,4,1,"adj","tall_short",1
23,5,1,"adj","tall_short",1
24,4,1,"adj","tall_short",1
26,4,1,"adj","tall_short",0
27,5,0,"adj","tall_short",1
28,4,0,"adj","tall_short",0
31,5,0,"adj","tall_short",1
32,4,1,"adj","tall_short",1
33,4,1,"adj","tall_short",1
35,4,1,"adj","tall_short",1
36,5,1,"adj","tall_short",1
37,4,0,"adj","tall_short",1
38,4,0,"adj","tall_short",1
42,4,1,"adj","tall_short",1
43,5,1,"adj","tall_short",1
44,4,1,"adj","tall_short",0
45,4,1,"adj","tall_short",1
46,4,1,"adj","tall_short",1
47,4,0,"adj","tall_short",0
48,5,0,"adj","tall_short",1
49,5,0,"adj","tall_short",1
50,4,0,"adj","tall_short",0
51,4,0,"adj","tall_short",1
52,5,1,"adj","tall_short",1
53,5,1,"adj","tall_short",1
54,5,1,"adj","tall_short",1
55,5,1,"adj","tall_short",1
58,4,0,"adj","tall_short",0
59,4,0,"adj","tall_short",1
60,5,0,"adj","tall_short",1
61,4,0,"adj","tall_short",1
62,5,0,"adj","tall_short",1
63,5,0,"adj","tall_short",1
64,4,0,"adj","tall_short",1
66,5,0,"adj","tall_short",1
67,4,0,"adj","tall_short",1
68,5,0,"adj","tall_short",0
69,5,0,"adj","tall_short",1
70,5,0,"adj","tall_short",0
71,5,0,"adj","tall_short",0
72,4,0,"adj","tall_short",1
73,5,0,"adj","tall_short",1
75,5,0,"adj","tall_short",1
76,5,0,"adj","tall_short",1
77,5,0,"adj","tall_short",1
78,4,0,"adj","tall_short",1
79,5,0,"adj","tall_short",0
80,5,0,"adj","tall_short",0
81,5,0,"adj","tall_short",1
82,5,1,"adj","tall_short",1
83,5,0,"adj","tall_short",1
84,5,1,"adj","tall_short",1
85,5,1,"adj","tall_short",1
86,5,1,"adj","tall_short",1
87,5,1,"adj","tall_short",0
88,4,1,"adj","tall_short",1
89,5,1,"adj","tall_short",1
90,4,0,"adj","tall_short",1
91,5,0,"adj","tall_short",1
92,5,0,"adj","tall_short",1
93,5,1,"adj","tall_short",1
94,4,0,"adj","tall_short",1
96,5,1,"adj","tall_short",1
98,4,0,"adj","tall_short",1
99,4,1,"adj","tall_short",1
100,4,1,"adj","tall_short",1
101,5,1,"adj","tall_short",1
102,4,0,"adj","tall_short",1
103,4,1,"adj","tall_short",1
104,4,1,"adj","tall_short",1
105,4,1,"adj","tall_short",1
106,5,0,"adj","tall_short",1
107,4,1,"adj","tall_short",0
108,5,0,"adj","tall_short",1
109,4,1,"adj","tall_short",1
111,5,1,"adj","tall_short",0
112,4,1,"adj","tall_short",1
113,4,1,"adj","tall_short",1
114,5,1,"adj","tall_short",1
115,4,0,"adj","tall_short",1
116,4,0,"adj","tall_short",1
117,4,0,"adj","tall_short",1
118,4,0,"adj","tall_short",0
119,4,0,"adj","tall_short",1
120,4,0,"adj","tall_short",1
122,4,1,"adj","tall_short",1
123,4,1,"adj","tall_short",1
124,4,1,"adj","tall_short",0
125,4,1,"adj","tall_short",1
1,4,1,"adj","strong_weak",0
2,5,1,"adj","strong_weak",1
3,5,1,"adj","strong_weak",1
4,5,1,"adj","strong_weak",0
5,5,1,"adj","strong_weak",0
6,5,1,"adj","strong_weak",1
7,4,0,"adj","strong_weak",1
8,5,0,"adj","strong_weak",1
9,5,0,"adj","strong_weak",1
10,4,0,"adj","strong_weak",1
11,5,0,"adj","strong_weak",1
12,4,1,"adj","strong_weak",1
13,5,1,"adj","strong_weak",1
14,4,1,"adj","strong_weak",0
15,4,1,"adj","strong_weak",1
16,4,1,"adj","strong_weak",1
18,5,0,"adj","strong_weak",1
20,5,0,"adj","strong_weak",1
22,4,1,"adj","strong_weak",1
23,5,1,"adj","strong_weak",1
24,4,1,"adj","strong_weak",0
26,4,1,"adj","strong_weak",0
27,5,0,"adj","strong_weak",0
28,4,0,"adj","strong_weak",1
31,5,0,"adj","strong_weak",1
32,4,1,"adj","strong_weak",1
33,4,1,"adj","strong_weak",1
35,4,1,"adj","strong_weak",1
36,5,1,"adj","strong_weak",1
37,4,0,"adj","strong_weak",0
38,4,0,"adj","strong_weak",1
42,4,1,"adj","strong_weak",0
43,5,1,"adj","strong_weak",1
44,4,1,"adj","strong_weak",1
45,4,1,"adj","strong_weak",1
46,4,1,"adj","strong_weak",1
47,4,0,"adj","strong_weak",0
48,5,0,"adj","strong_weak",1
49,5,0,"adj","strong_weak",1
50,4,0,"adj","strong_weak",1
51,4,0,"adj","strong_weak",1
52,5,1,"adj","strong_weak",0
53,5,1,"adj","strong_weak",1
54,5,1,"adj","strong_weak",1
55,5,1,"adj","strong_weak",0
58,4,0,"adj","strong_weak",0
59,4,0,"adj","strong_weak",1
60,5,0,"adj","strong_weak",1
61,4,0,"adj","strong_weak",1
62,5,0,"adj","strong_weak",1
63,5,0,"adj","strong_weak",1
64,4,0,"adj","strong_weak",1
66,5,0,"adj","strong_weak",0
67,4,0,"adj","strong_weak",1
68,5,0,"adj","strong_weak",1
69,5,0,"adj","strong_weak",1
70,5,0,"adj","strong_weak",0
71,5,0,"adj","strong_weak",0
72,4,0,"adj","strong_weak",1
73,5,0,"adj","strong_weak",1
75,5,0,"adj","strong_weak",0
76,5,0,"adj","strong_weak",1
77,5,0,"adj","strong_weak",1
78,4,0,"adj","strong_weak",1
79,5,0,"adj","strong_weak",0
80,5,0,"adj","strong_weak",1
81,5,0,"adj","strong_weak",0
82,5,1,"adj","strong_weak",1
83,5,0,"adj","strong_weak",1
84,5,1,"adj","strong_weak",1
85,5,1,"adj","strong_weak",0
86,5,1,"adj","strong_weak",1
87,5,1,"adj","strong_weak",0
88,4,1,"adj","strong_weak",1
89,5,1,"adj","strong_weak",1
90,4,0,"adj","strong_weak",1
91,5,0,"adj","strong_weak",1
92,5,0,"adj","strong_weak",1
93,5,1,"adj","strong_weak",1
94,4,0,"adj","strong_weak",0
96,5,1,"adj","strong_weak",0
98,4,0,"adj","strong_weak",1
99,4,1,"adj","strong_weak",1
100,4,1,"adj","strong_weak",1
101,5,1,"adj","strong_weak",1
102,4,0,"adj","strong_weak",0
103,4,1,"adj","strong_weak",1
104,4,1,"adj","strong_weak",1
105,4,1,"adj","strong_weak",0
106,5,0,"adj","strong_weak",1
107,4,1,"adj","strong_weak",1
108,5,0,"adj","strong_weak",0
109,4,1,"adj","strong_weak",0
111,5,1,"adj","strong_weak",0
112,4,1,"adj","strong_weak",1
113,4,1,"adj","strong_weak",1
114,5,1,"adj","strong_weak",1
115,4,0,"adj","strong_weak",1
116,4,0,"adj","strong_weak",1
117,4,0,"adj","strong_weak",1
118,4,0,"adj","strong_weak",0
119,4,0,"adj","strong_weak",1
120,4,0,"adj","strong_weak",1
122,4,1,"adj","strong_weak",1
123,4,1,"adj","strong_weak",0
124,4,1,"adj","strong_weak",1
125,4,1,"adj","strong_weak",1
1,4,1,"adj","empty_full",1
2,5,1,"adj","empty_full",1
3,5,1,"adj","empty_full",1
4,5,1,"adj","empty_full",0
5,5,1,"adj","empty_full",1
6,5,1,"adj","empty_full",1
7,4,0,"adj","empty_full",0
8,5,0,"adj","empty_full",0
9,5,0,"adj","empty_full",0
10,4,0,"adj","empty_full",1
11,5,0,"adj","empty_full",1
12,4,1,"adj","empty_full",0
13,5,1,"adj","empty_full",1
14,4,1,"adj","empty_full",0
15,4,1,"adj","empty_full",1
16,4,1,"adj","empty_full",1
18,5,0,"adj","empty_full",1
20,5,0,"adj","empty_full",1
22,4,1,"adj","empty_full",0
23,5,1,"adj","empty_full",1
24,4,1,"adj","empty_full",0
26,4,1,"adj","empty_full",0
27,5,0,"adj","empty_full",1
28,4,0,"adj","empty_full",1
31,5,0,"adj","empty_full",1
32,4,1,"adj","empty_full",1
33,4,1,"adj","empty_full",1
35,4,1,"adj","empty_full",0
36,5,1,"adj","empty_full",1
37,4,0,"adj","empty_full",0
38,4,0,"adj","empty_full",0
42,4,1,"adj","empty_full",1
43,5,1,"adj","empty_full",1
44,4,1,"adj","empty_full",1
45,4,1,"adj","empty_full",1
46,4,1,"adj","empty_full",1
47,4,0,"adj","empty_full",1
48,5,0,"adj","empty_full",1
49,5,0,"adj","empty_full",1
50,4,0,"adj","empty_full",1
51,4,0,"adj","empty_full",1
52,5,1,"adj","empty_full",1
53,5,1,"adj","empty_full",1
54,5,1,"adj","empty_full",0
55,5,1,"adj","empty_full",1
58,4,0,"adj","empty_full",0
59,4,0,"adj","empty_full",0
60,5,0,"adj","empty_full",1
61,4,0,"adj","empty_full",1
62,5,0,"adj","empty_full",1
63,5,0,"adj","empty_full",1
64,4,0,"adj","empty_full",1
66,5,0,"adj","empty_full",1
67,4,0,"adj","empty_full",0
68,5,0,"adj","empty_full",1
69,5,0,"adj","empty_full",0
70,5,0,"adj","empty_full",1
71,5,0,"adj","empty_full",1
72,4,0,"adj","empty_full",1
73,5,0,"adj","empty_full",1
75,5,0,"adj","empty_full",1
76,5,0,"adj","empty_full",1
77,5,0,"adj","empty_full",0
78,4,0,"adj","empty_full",1
79,5,0,"adj","empty_full",1
80,5,0,"adj","empty_full",1
81,5,0,"adj","empty_full",1
82,5,1,"adj","empty_full",1
83,5,0,"adj","empty_full",1
84,5,1,"adj","empty_full",0
85,5,1,"adj","empty_full",1
86,5,1,"adj","empty_full",1
87,5,1,"adj","empty_full",0
88,4,1,"adj","empty_full",1
89,5,1,"adj","empty_full",1
90,4,0,"adj","empty_full",1
91,5,0,"adj","empty_full",1
92,5,0,"adj","empty_full",1
93,5,1,"adj","empty_full",1
94,4,0,"adj","empty_full",1
96,5,1,"adj","empty_full",1
98,4,0,"adj","empty_full",1
99,4,1,"adj","empty_full",1
100,4,1,"adj","empty_full",1
101,5,1,"adj","empty_full",1
102,4,0,"adj","empty_full",0
103,4,1,"adj","empty_full",1
104,4,1,"adj","empty_full",1
105,4,1,"adj","empty_full",1
106,5,0,"adj","empty_full",1
107,4,1,"adj","empty_full",1
108,5,0,"adj","empty_full",1
109,4,1,"adj","empty_full",1
111,5,1,"adj","empty_full",1
112,4,1,"adj","empty_full",0
113,4,1,"adj","empty_full",0
114,5,1,"adj","empty_full",1
115,4,0,"adj","empty_full",1
116,4,0,"adj","empty_full",1
117,4,0,"adj","empty_full",0
118,4,0,"adj","empty_full",1
119,4,0,"adj","empty_full",1
120,4,0,"adj","empty_full",1
122,4,1,"adj","empty_full",0
123,4,1,"adj","empty_full",1
124,4,1,"adj","empty_full",1
125,4,1,"adj","empty_full",1
1,4,1,"noun","moon_sun",0
2,5,1,"noun","moon_sun",1
3,5,1,"noun","moon_sun",1
4,5,1,"noun","moon_sun",1
5,5,1,"noun","moon_sun",1
6,5,1,"noun","moon_sun",1
7,4,0,"noun","moon_sun",0
8,5,0,"noun","moon_sun",0
9,5,0,"noun","moon_sun",1
10,4,0,"noun","moon_sun",1
11,5,0,"noun","moon_sun",0
12,4,1,"noun","moon_sun",0
13,5,1,"noun","moon_sun",0
14,4,1,"noun","moon_sun",1
15,4,1,"noun","moon_sun",1
16,4,1,"noun","moon_sun",1
18,5,0,"noun","moon_sun",1
20,5,0,"noun","moon_sun",1
22,4,1,"noun","moon_sun",1
23,5,1,"noun","moon_sun",1
24,4,1,"noun","moon_sun",0
26,4,1,"noun","moon_sun",1
27,5,0,"noun","moon_sun",1
28,4,0,"noun","moon_sun",0
31,5,0,"noun","moon_sun",1
32,4,1,"noun","moon_sun",0
33,4,1,"noun","moon_sun",1
35,4,1,"noun","moon_sun",0
36,5,1,"noun","moon_sun",1
37,4,0,"noun","moon_sun",1
38,4,0,"noun","moon_sun",1
42,4,1,"noun","moon_sun",1
43,5,1,"noun","moon_sun",1
44,4,1,"noun","moon_sun",0
45,4,1,"noun","moon_sun",0
46,4,1,"noun","moon_sun",1
47,4,0,"noun","moon_sun",0
48,5,0,"noun","moon_sun",0
49,5,0,"noun","moon_sun",1
50,4,0,"noun","moon_sun",1
51,4,0,"noun","moon_sun",1
52,5,1,"noun","moon_sun",0
53,5,1,"noun","moon_sun",0
54,5,1,"noun","moon_sun",1
55,5,1,"noun","moon_sun",1
58,4,0,"noun","moon_sun",0
59,4,0,"noun","moon_sun",1
60,5,0,"noun","moon_sun",1
61,4,0,"noun","moon_sun",1
62,5,0,"noun","moon_sun",1
63,5,0,"noun","moon_sun",0
64,4,0,"noun","moon_sun",1
66,5,0,"noun","moon_sun",0
67,4,0,"noun","moon_sun",0
68,5,0,"noun","moon_sun",1
69,5,0,"noun","moon_sun",1
70,5,0,"noun","moon_sun",1
71,5,0,"noun","moon_sun",1
72,4,0,"noun","moon_sun",0
73,5,0,"noun","moon_sun",0
75,5,0,"noun","moon_sun",1
76,5,0,"noun","moon_sun",1
77,5,0,"noun","moon_sun",1
78,4,0,"noun","moon_sun",1
79,5,0,"noun","moon_sun",0
80,5,0,"noun","moon_sun",1
81,5,0,"noun","moon_sun",0
82,5,1,"noun","moon_sun",1
83,5,0,"noun","moon_sun",1
84,5,1,"noun","moon_sun",1
85,5,1,"noun","moon_sun",0
86,5,1,"noun","moon_sun",1
87,5,1,"noun","moon_sun",1
88,4,1,"noun","moon_sun",1
89,5,1,"noun","moon_sun",1
90,4,0,"noun","moon_sun",0
91,5,0,"noun","moon_sun",1
92,5,0,"noun","moon_sun",1
93,5,1,"noun","moon_sun",1
94,4,0,"noun","moon_sun",0
96,5,1,"noun","moon_sun",1
98,4,0,"noun","moon_sun",1
99,4,1,"noun","moon_sun",1
100,4,1,"noun","moon_sun",1
101,5,1,"noun","moon_sun",1
102,4,0,"noun","moon_sun",1
103,4,1,"noun","moon_sun",1
104,4,1,"noun","moon_sun",1
105,4,1,"noun","moon_sun",1
106,5,0,"noun","moon_sun",1
107,4,1,"noun","moon_sun",0
108,5,0,"noun","moon_sun",0
109,4,1,"noun","moon_sun",0
111,5,1,"noun","moon_sun",1
112,4,1,"noun","moon_sun",1
113,4,1,"noun","moon_sun",0
114,5,1,"noun","moon_sun",1
115,4,0,"noun","moon_sun",0
116,4,0,"noun","moon_sun",1
117,4,0,"noun","moon_sun",0
118,4,0,"noun","moon_sun",1
119,4,0,"noun","moon_sun",1
120,4,0,"noun","moon_sun",0
122,4,1,"noun","moon_sun",1
123,4,1,"noun","moon_sun",1
124,4,1,"noun","moon_sun",1
125,4,1,"noun","moon_sun",0
1,4,1,"noun","boy_girl",1
2,5,1,"noun","boy_girl",1
3,5,1,"noun","boy_girl",1
4,5,1,"noun","boy_girl",1
5,5,1,"noun","boy_girl",1
6,5,1,"noun","boy_girl",0
7,4,0,"noun","boy_girl",1
8,5,0,"noun","boy_girl",0
9,5,0,"noun","boy_girl",1
10,4,0,"noun","boy_girl",0
11,5,0,"noun","boy_girl",1
12,4,1,"noun","boy_girl",1
13,5,1,"noun","boy_girl",1
14,4,1,"noun","boy_girl",1
15,4,1,"noun","boy_girl",0
16,4,1,"noun","boy_girl",1
18,5,0,"noun","boy_girl",1
20,5,0,"noun","boy_girl",1
22,4,1,"noun","boy_girl",0
23,5,1,"noun","boy_girl",1
24,4,1,"noun","boy_girl",1
26,4,1,"noun","boy_girl",1
27,5,0,"noun","boy_girl",1
28,4,0,"noun","boy_girl",1
31,5,0,"noun","boy_girl",1
32,4,1,"noun","boy_girl",1
33,4,1,"noun","boy_girl",1
35,4,1,"noun","boy_girl",0
36,5,1,"noun","boy_girl",1
37,4,0,"noun","boy_girl",1
38,4,0,"noun","boy_girl",0
42,4,1,"noun","boy_girl",1
43,5,1,"noun","boy_girl",1
44,4,1,"noun","boy_girl",1
45,4,1,"noun","boy_girl",1
46,4,1,"noun","boy_girl",0
47,4,0,"noun","boy_girl",1
48,5,0,"noun","boy_girl",0
49,5,0,"noun","boy_girl",1
50,4,0,"noun","boy_girl",1
51,4,0,"noun","boy_girl",1
52,5,1,"noun","boy_girl",0
53,5,1,"noun","boy_girl",1
54,5,1,"noun","boy_girl",0
55,5,1,"noun","boy_girl",1
58,4,0,"noun","boy_girl",1
59,4,0,"noun","boy_girl",1
60,5,0,"noun","boy_girl",1
61,4,0,"noun","boy_girl",1
62,5,0,"noun","boy_girl",1
63,5,0,"noun","boy_girl",1
64,4,0,"noun","boy_girl",1
66,5,0,"noun","boy_girl",0
67,4,0,"noun","boy_girl",1
68,5,0,"noun","boy_girl",0
69,5,0,"noun","boy_girl",1
70,5,0,"noun","boy_girl",0
71,5,0,"noun","boy_girl",0
72,4,0,"noun","boy_girl",1
73,5,0,"noun","boy_girl",1
75,5,0,"noun","boy_girl",1
76,5,0,"noun","boy_girl",1
77,5,0,"noun","boy_girl",1
78,4,0,"noun","boy_girl",1
79,5,0,"noun","boy_girl",1
80,5,0,"noun","boy_girl",1
81,5,0,"noun","boy_girl",0
82,5,1,"noun","boy_girl",1
83,5,0,"noun","boy_girl",1
84,5,1,"noun","boy_girl",1
85,5,1,"noun","boy_girl",1
86,5,1,"noun","boy_girl",1
87,5,1,"noun","boy_girl",1
88,4,1,"noun","boy_girl",1
89,5,1,"noun","boy_girl",1
90,4,0,"noun","boy_girl",1
91,5,0,"noun","boy_girl",1
92,5,0,"noun","boy_girl",1
93,5,1,"noun","boy_girl",1
94,4,0,"noun","boy_girl",0
96,5,1,"noun","boy_girl",1
98,4,0,"noun","boy_girl",1
99,4,1,"noun","boy_girl",1
100,4,1,"noun","boy_girl",1
101,5,1,"noun","boy_girl",1
102,4,0,"noun","boy_girl",1
103,4,1,"noun","boy_girl",1
104,4,1,"noun","boy_girl",1
105,4,1,"noun","boy_girl",1
106,5,0,"noun","boy_girl",1
107,4,1,"noun","boy_girl",0
108,5,0,"noun","boy_girl",1
109,4,1,"noun","boy_girl",0
111,5,1,"noun","boy_girl",0
112,4,1,"noun","boy_girl",0
113,4,1,"noun","boy_girl",1
114,5,1,"noun","boy_girl",1
115,4,0,"noun","boy_girl",0
116,4,0,"noun","boy_girl",0
117,4,0,"noun","boy_girl",0
118,4,0,"noun","boy_girl",1
119,4,0,"noun","boy_girl",1
120,4,0,"noun","boy_girl",0
122,4,1,"noun","boy_girl",1
123,4,1,"noun","boy_girl",1
124,4,1,"noun","boy_girl",0
125,4,1,"noun","boy_girl",0
1,4,1,"noun","summer_winter",0
2,5,1,"noun","summer_winter",1
3,5,1,"noun","summer_winter",1
4,5,1,"noun","summer_winter",1
5,5,1,"noun","summer_winter",1
6,5,1,"noun","summer_winter",1
7,4,0,"noun","summer_winter",1
8,5,0,"noun","summer_winter",0
9,5,0,"noun","summer_winter",1
10,4,0,"noun","summer_winter",1
11,5,0,"noun","summer_winter",1
12,4,1,"noun","summer_winter",1
13,5,1,"noun","summer_winter",1
14,4,1,"noun","summer_winter",1
15,4,1,"noun","summer_winter",1
16,4,1,"noun","summer_winter",1
18,5,0,"noun","summer_winter",1
20,5,0,"noun","summer_winter",0
22,4,1,"noun","summer_winter",0
23,5,1,"noun","summer_winter",0
24,4,1,"noun","summer_winter",0
26,4,1,"noun","summer_winter",0
27,5,0,"noun","summer_winter",1
28,4,0,"noun","summer_winter",0
31,5,0,"noun","summer_winter",1
32,4,1,"noun","summer_winter",1
33,4,1,"noun","summer_winter",1
35,4,1,"noun","summer_winter",1
36,5,1,"noun","summer_winter",1
37,4,0,"noun","summer_winter",0
38,4,0,"noun","summer_winter",1
42,4,1,"noun","summer_winter",1
43,5,1,"noun","summer_winter",1
44,4,1,"noun","summer_winter",0
45,4,1,"noun","summer_winter",0
46,4,1,"noun","summer_winter",1
47,4,0,"noun","summer_winter",0
48,5,0,"noun","summer_winter",1
49,5,0,"noun","summer_winter",1
50,4,0,"noun","summer_winter",1
51,4,0,"noun","summer_winter",1
52,5,1,"noun","summer_winter",0
53,5,1,"noun","summer_winter",0
54,5,1,"noun","summer_winter",1
55,5,1,"noun","summer_winter",1
58,4,0,"noun","summer_winter",0
59,4,0,"noun","summer_winter",1
60,5,0,"noun","summer_winter",1
61,4,0,"noun","summer_winter",1
62,5,0,"noun","summer_winter",1
63,5,0,"noun","summer_winter",1
64,4,0,"noun","summer_winter",1
66,5,0,"noun","summer_winter",1
67,4,0,"noun","summer_winter",1
68,5,0,"noun","summer_winter",1
69,5,0,"noun","summer_winter",1
70,5,0,"noun","summer_winter",1
71,5,0,"noun","summer_winter",0
72,4,0,"noun","summer_winter",1
73,5,0,"noun","summer_winter",0
75,5,0,"noun","summer_winter",1
76,5,0,"noun","summer_winter",0
77,5,0,"noun","summer_winter",0
78,4,0,"noun","summer_winter",1
79,5,0,"noun","summer_winter",0
80,5,0,"noun","summer_winter",1
81,5,0,"noun","summer_winter",1
82,5,1,"noun","summer_winter",1
83,5,0,"noun","summer_winter",0
84,5,1,"noun","summer_winter",1
85,5,1,"noun","summer_winter",0
86,5,1,"noun","summer_winter",1
87,5,1,"noun","summer_winter",0
88,4,1,"noun","summer_winter",0
89,5,1,"noun","summer_winter",1
90,4,0,"noun","summer_winter",1
91,5,0,"noun","summer_winter",0
92,5,0,"noun","summer_winter",1
93,5,1,"noun","summer_winter",1
94,4,0,"noun","summer_winter",0
96,5,1,"noun","summer_winter",1
98,4,0,"noun","summer_winter",1
99,4,1,"noun","summer_winter",1
100,4,1,"noun","summer_winter",1
101,5,1,"noun","summer_winter",1
102,4,0,"noun","summer_winter",1
103,4,1,"noun","summer_winter",0
104,4,1,"noun","summer_winter",1
105,4,1,"noun","summer_winter",0
106,5,0,"noun","summer_winter",1
107,4,1,"noun","summer_winter",0
108,5,0,"noun","summer_winter",1
109,4,1,"noun","summer_winter",1
111,5,1,"noun","summer_winter",1
112,4,1,"noun","summer_winter",0
113,4,1,"noun","summer_winter",1
114,5,1,"noun","summer_winter",0
115,4,0,"noun","summer_winter",1
116,4,0,"noun","summer_winter",1
117,4,0,"noun","summer_winter",1
118,4,0,"noun","summer_winter",0
119,4,0,"noun","summer_winter",1
120,4,0,"noun","summer_winter",1
122,4,1,"noun","summer_winter",1
123,4,1,"noun","summer_winter",1
124,4,1,"noun","summer_winter",0
125,4,1,"noun","summer_winter",1
1,4,1,"noun","teacher_student",0
2,5,1,"noun","teacher_student",1
3,5,1,"noun","teacher_student",1
4,5,1,"noun","teacher_student",1
5,5,1,"noun","teacher_student",1
6,5,1,"noun","teacher_student",1
7,4,0,"noun","teacher_student",0
8,5,0,"noun","teacher_student",0
9,5,0,"noun","teacher_student",0
10,4,0,"noun","teacher_student",0
11,5,0,"noun","teacher_student",0
12,4,1,"noun","teacher_student",0
13,5,1,"noun","teacher_student",0
14,4,1,"noun","teacher_student",1
15,4,1,"noun","teacher_student",0
16,4,1,"noun","teacher_student",1
18,5,0,"noun","teacher_student",1
20,5,0,"noun","teacher_student",1
22,4,1,"noun","teacher_student",0
23,5,1,"noun","teacher_student",0
24,4,1,"noun","teacher_student",0
26,4,1,"noun","teacher_student",1
27,5,0,"noun","teacher_student",1
28,4,0,"noun","teacher_student",1
31,5,0,"noun","teacher_student",0
32,4,1,"noun","teacher_student",0
33,4,1,"noun","teacher_student",0
35,4,1,"noun","teacher_student",1
36,5,1,"noun","teacher_student",1
37,4,0,"noun","teacher_student",1
38,4,0,"noun","teacher_student",1
42,4,1,"noun","teacher_student",1
43,5,1,"noun","teacher_student",1
44,4,1,"noun","teacher_student",1
45,4,1,"noun","teacher_student",0
46,4,1,"noun","teacher_student",1
47,4,0,"noun","teacher_student",1
48,5,0,"noun","teacher_student",1
49,5,0,"noun","teacher_student",0
50,4,0,"noun","teacher_student",0
51,4,0,"noun","teacher_student",0
52,5,1,"noun","teacher_student",1
53,5,1,"noun","teacher_student",1
54,5,1,"noun","teacher_student",0
55,5,1,"noun","teacher_student",0
58,4,0,"noun","teacher_student",1
59,4,0,"noun","teacher_student",0
60,5,0,"noun","teacher_student",1
61,4,0,"noun","teacher_student",1
62,5,0,"noun","teacher_student",0
63,5,0,"noun","teacher_student",1
64,4,0,"noun","teacher_student",0
66,5,0,"noun","teacher_student",0
67,4,0,"noun","teacher_student",0
68,5,0,"noun","teacher_student",0
69,5,0,"noun","teacher_student",0
70,5,0,"noun","teacher_student",1
71,5,0,"noun","teacher_student",1
72,4,0,"noun","teacher_student",0
73,5,0,"noun","teacher_student",1
75,5,0,"noun","teacher_student",1
76,5,0,"noun","teacher_student",0
77,5,0,"noun","teacher_student",1
78,4,0,"noun","teacher_student",1
79,5,0,"noun","teacher_student",0
80,5,0,"noun","teacher_student",0
81,5,0,"noun","teacher_student",1
82,5,1,"noun","teacher_student",1
83,5,0,"noun","teacher_student",0
84,5,1,"noun","teacher_student",1
85,5,1,"noun","teacher_student",0
86,5,1,"noun","teacher_student",1
87,5,1,"noun","teacher_student",1
88,4,1,"noun","teacher_student",1
89,5,1,"noun","teacher_student",1
90,4,0,"noun","teacher_student",0
91,5,0,"noun","teacher_student",1
92,5,0,"noun","teacher_student",1
93,5,1,"noun","teacher_student",1
94,4,0,"noun","teacher_student",1
96,5,1,"noun","teacher_student",1
98,4,0,"noun","teacher_student",1
99,4,1,"noun","teacher_student",1
100,4,1,"noun","teacher_student",0
101,5,1,"noun","teacher_student",1
102,4,0,"noun","teacher_student",1
103,4,1,"noun","teacher_student",0
104,4,1,"noun","teacher_student",1
105,4,1,"noun","teacher_student",0
106,5,0,"noun","teacher_student",1
107,4,1,"noun","teacher_student",0
108,5,0,"noun","teacher_student",1
109,4,1,"noun","teacher_student",1
111,5,1,"noun","teacher_student",1
112,4,1,"noun","teacher_student",1
113,4,1,"noun","teacher_student",1
114,5,1,"noun","teacher_student",1
115,4,0,"noun","teacher_student",0
116,4,0,"noun","teacher_student",0
117,4,0,"noun","teacher_student",1
118,4,0,"noun","teacher_student",1
119,4,0,"noun","teacher_student",1
120,4,0,"noun","teacher_student",0
122,4,1,"noun","teacher_student",1
123,4,1,"noun","teacher_student",0
124,4,1,"noun","teacher_student",1
125,4,1,"noun","teacher_student",1
1,4,1,"noun","inside_outside",1
2,5,1,"noun","inside_outside",1
3,5,1,"noun","inside_outside",1
4,5,1,"noun","inside_outside",1
5,5,1,"noun","inside_outside",1
6,5,1,"noun","inside_outside",0
7,4,0,"noun","inside_outside",1
8,5,0,"noun","inside_outside",0
9,5,0,"noun","inside_outside",1
10,4,0,"noun","inside_outside",1
11,5,0,"noun","inside_outside",0
12,4,1,"noun","inside_outside",0
13,5,1,"noun","inside_outside",1
14,4,1,"noun","inside_outside",1
15,4,1,"noun","inside_outside",1
16,4,1,"noun","inside_outside",1
18,5,0,"noun","inside_outside",1
20,5,0,"noun","inside_outside",0
22,4,1,"noun","inside_outside",0
23,5,1,"noun","inside_outside",0
24,4,1,"noun","inside_outside",1
26,4,1,"noun","inside_outside",0
27,5,0,"noun","inside_outside",1
28,4,0,"noun","inside_outside",1
31,5,0,"noun","inside_outside",1
32,4,1,"noun","inside_outside",1
33,4,1,"noun","inside_outside",1
35,4,1,"noun","inside_outside",0
36,5,1,"noun","inside_outside",1
37,4,0,"noun","inside_outside",1
38,4,0,"noun","inside_outside",1
42,4,1,"noun","inside_outside",0
43,5,1,"noun","inside_outside",1
44,4,1,"noun","inside_outside",1
45,4,1,"noun","inside_outside",1
46,4,1,"noun","inside_outside",1
47,4,0,"noun","inside_outside",1
48,5,0,"noun","inside_outside",0
49,5,0,"noun","inside_outside",1
50,4,0,"noun","inside_outside",1
51,4,0,"noun","inside_outside",1
52,5,1,"noun","inside_outside",0
53,5,1,"noun","inside_outside",1
54,5,1,"noun","inside_outside",0
55,5,1,"noun","inside_outside",1
58,4,0,"noun","inside_outside",1
59,4,0,"noun","inside_outside",0
60,5,0,"noun","inside_outside",1
61,4,0,"noun","inside_outside",1
62,5,0,"noun","inside_outside",1
63,5,0,"noun","inside_outside",0
64,4,0,"noun","inside_outside",0
66,5,0,"noun","inside_outside",0
67,4,0,"noun","inside_outside",0
68,5,0,"noun","inside_outside",1
69,5,0,"noun","inside_outside",1
70,5,0,"noun","inside_outside",1
71,5,0,"noun","inside_outside",0
72,4,0,"noun","inside_outside",1
73,5,0,"noun","inside_outside",1
75,5,0,"noun","inside_outside",1
76,5,0,"noun","inside_outside",1
77,5,0,"noun","inside_outside",1
78,4,0,"noun","inside_outside",0
79,5,0,"noun","inside_outside",0
80,5,0,"noun","inside_outside",1
81,5,0,"noun","inside_outside",0
82,5,1,"noun","inside_outside",1
83,5,0,"noun","inside_outside",1
84,5,1,"noun","inside_outside",1
85,5,1,"noun","inside_outside",1
86,5,1,"noun","inside_outside",1
87,5,1,"noun","inside_outside",1
88,4,1,"noun","inside_outside",0
89,5,1,"noun","inside_outside",1
90,4,0,"noun","inside_outside",0
91,5,0,"noun","inside_outside",1
92,5,0,"noun","inside_outside",1
93,5,1,"noun","inside_outside",1
94,4,0,"noun","inside_outside",0
96,5,1,"noun","inside_outside",0
98,4,0,"noun","inside_outside",1
99,4,1,"noun","inside_outside",1
100,4,1,"noun","inside_outside",1
101,5,1,"noun","inside_outside",1
102,4,0,"noun","inside_outside",0
103,4,1,"noun","inside_outside",1
104,4,1,"noun","inside_outside",1
105,4,1,"noun","inside_outside",1
106,5,0,"noun","inside_outside",1
107,4,1,"noun","inside_outside",0
108,5,0,"noun","inside_outside",0
109,4,1,"noun","inside_outside",1
111,5,1,"noun","inside_outside",1
112,4,1,"noun","inside_outside",1
113,4,1,"noun","inside_outside",1
114,5,1,"noun","inside_outside",1
115,4,0,"noun","inside_outside",1
116,4,0,"noun","inside_outside",1
117,4,0,"noun","inside_outside",1
118,4,0,"noun","inside_outside",0
119,4,0,"noun","inside_outside",1
120,4,0,"noun","inside_outside",0
122,4,1,"noun","inside_outside",1
123,4,1,"noun","inside_outside",1
124,4,1,"noun","inside_outside",1
125,4,1,"noun","inside_outside",1
1,4,1,"noun","friend_enemy",1
2,5,1,"noun","friend_enemy",1
3,5,1,"noun","friend_enemy",1
4,5,1,"noun","friend_enemy",1
5,5,1,"noun","friend_enemy",1
6,5,1,"noun","friend_enemy",0
7,4,0,"noun","friend_enemy",1
8,5,0,"noun","friend_enemy",0
9,5,0,"noun","friend_enemy",0
10,4,0,"noun","friend_enemy",0
11,5,0,"noun","friend_enemy",0
12,4,1,"noun","friend_enemy",1
13,5,1,"noun","friend_enemy",1
14,4,1,"noun","friend_enemy",1
15,4,1,"noun","friend_enemy",1
16,4,1,"noun","friend_enemy",1
18,5,0,"noun","friend_enemy",0
20,5,0,"noun","friend_enemy",1
22,4,1,"noun","friend_enemy",0
23,5,1,"noun","friend_enemy",0
24,4,1,"noun","friend_enemy",1
26,4,1,"noun","friend_enemy",1
27,5,0,"noun","friend_enemy",1
28,4,0,"noun","friend_enemy",0
31,5,0,"noun","friend_enemy",0
32,4,1,"noun","friend_enemy",0
33,4,1,"noun","friend_enemy",1
35,4,1,"noun","friend_enemy",1
36,5,1,"noun","friend_enemy",1
37,4,0,"noun","friend_enemy",1
38,4,0,"noun","friend_enemy",0
42,4,1,"noun","friend_enemy",1
43,5,1,"noun","friend_enemy",0
44,4,1,"noun","friend_enemy",1
45,4,1,"noun","friend_enemy",1
46,4,1,"noun","friend_enemy",1
47,4,0,"noun","friend_enemy",0
48,5,0,"noun","friend_enemy",0
49,5,0,"noun","friend_enemy",1
50,4,0,"noun","friend_enemy",1
51,4,0,"noun","friend_enemy",0
52,5,1,"noun","friend_enemy",0
53,5,1,"noun","friend_enemy",1
54,5,1,"noun","friend_enemy",0
55,5,1,"noun","friend_enemy",1
58,4,0,"noun","friend_enemy",1
59,4,0,"noun","friend_enemy",1
60,5,0,"noun","friend_enemy",0
61,4,0,"noun","friend_enemy",1
62,5,0,"noun","friend_enemy",0
63,5,0,"noun","friend_enemy",1
64,4,0,"noun","friend_enemy",1
66,5,0,"noun","friend_enemy",1
67,4,0,"noun","friend_enemy",0
68,5,0,"noun","friend_enemy",1
69,5,0,"noun","friend_enemy",1
70,5,0,"noun","friend_enemy",0
71,5,0,"noun","friend_enemy",0
72,4,0,"noun","friend_enemy",0
73,5,0,"noun","friend_enemy",0
75,5,0,"noun","friend_enemy",0
76,5,0,"noun","friend_enemy",1
77,5,0,"noun","friend_enemy",0
78,4,0,"noun","friend_enemy",0
79,5,0,"noun","friend_enemy",0
80,5,0,"noun","friend_enemy",0
81,5,0,"noun","friend_enemy",0
82,5,1,"noun","friend_enemy",1
83,5,0,"noun","friend_enemy",1
84,5,1,"noun","friend_enemy",1
85,5,1,"noun","friend_enemy",1
86,5,1,"noun","friend_enemy",1
87,5,1,"noun","friend_enemy",1
88,4,1,"noun","friend_enemy",1
89,5,1,"noun","friend_enemy",1
90,4,0,"noun","friend_enemy",0
91,5,0,"noun","friend_enemy",1
92,5,0,"noun","friend_enemy",0
93,5,1,"noun","friend_enemy",1
94,4,0,"noun","friend_enemy",0
96,5,1,"noun","friend_enemy",1
98,4,0,"noun","friend_enemy",1
99,4,1,"noun","friend_enemy",1
100,4,1,"noun","friend_enemy",1
101,5,1,"noun","friend_enemy",1
102,4,0,"noun","friend_enemy",0
103,4,1,"noun","friend_enemy",1
104,4,1,"noun","friend_enemy",0
105,4,1,"noun","friend_enemy",0
106,5,0,"noun","friend_enemy",1
107,4,1,"noun","friend_enemy",0
108,5,0,"noun","friend_enemy",0
109,4,1,"noun","friend_enemy",0
111,5,1,"noun","friend_enemy",0
112,4,1,"noun","friend_enemy",1
113,4,1,"noun","friend_enemy",1
114,5,1,"noun","friend_enemy",1
115,4,0,"noun","friend_enemy",1
116,4,0,"noun","friend_enemy",1
117,4,0,"noun","friend_enemy",0
118,4,0,"noun","friend_enemy",1
119,4,0,"noun","friend_enemy",0
120,4,0,"noun","friend_enemy",1
122,4,1,"noun","friend_enemy",0
123,4,1,"noun","friend_enemy",0
124,4,1,"noun","friend_enemy",0
125,4,1,"noun","friend_enemy",0
1,4,1,"noun","food_drink",0
2,5,1,"noun","food_drink",0
3,5,1,"noun","food_drink",1
4,5,1,"noun","food_drink",0
5,5,1,"noun","food_drink",1
6,5,1,"noun","food_drink",1
7,4,0,"noun","food_drink",1
8,5,0,"noun","food_drink",0
9,5,0,"noun","food_drink",1
10,4,0,"noun","food_drink",1
11,5,0,"noun","food_drink",1
12,4,1,"noun","food_drink",1
13,5,1,"noun","food_drink",1
14,4,1,"noun","food_drink",1
15,4,1,"noun","food_drink",1
16,4,1,"noun","food_drink",1
18,5,0,"noun","food_drink",1
20,5,0,"noun","food_drink",0
22,4,1,"noun","food_drink",1
23,5,1,"noun","food_drink",1
24,4,1,"noun","food_drink",0
26,4,1,"noun","food_drink",0
27,5,0,"noun","food_drink",1
28,4,0,"noun","food_drink",0
31,5,0,"noun","food_drink",1
32,4,1,"noun","food_drink",1
33,4,1,"noun","food_drink",1
35,4,1,"noun","food_drink",0
36,5,1,"noun","food_drink",1
37,4,0,"noun","food_drink",1
38,4,0,"noun","food_drink",0
42,4,1,"noun","food_drink",0
43,5,1,"noun","food_drink",0
44,4,1,"noun","food_drink",1
45,4,1,"noun","food_drink",1
46,4,1,"noun","food_drink",1
47,4,0,"noun","food_drink",1
48,5,0,"noun","food_drink",1
49,5,0,"noun","food_drink",1
50,4,0,"noun","food_drink",0
51,4,0,"noun","food_drink",1
52,5,1,"noun","food_drink",0
53,5,1,"noun","food_drink",1
54,5,1,"noun","food_drink",1
55,5,1,"noun","food_drink",1
58,4,0,"noun","food_drink",0
59,4,0,"noun","food_drink",1
60,5,0,"noun","food_drink",1
61,4,0,"noun","food_drink",0
62,5,0,"noun","food_drink",0
63,5,0,"noun","food_drink",1
64,4,0,"noun","food_drink",1
66,5,0,"noun","food_drink",1
67,4,0,"noun","food_drink",1
68,5,0,"noun","food_drink",0
69,5,0,"noun","food_drink",0
70,5,0,"noun","food_drink",0
71,5,0,"noun","food_drink",1
72,4,0,"noun","food_drink",1
73,5,0,"noun","food_drink",0
75,5,0,"noun","food_drink",1
76,5,0,"noun","food_drink",1
77,5,0,"noun","food_drink",1
78,4,0,"noun","food_drink",1
79,5,0,"noun","food_drink",0
80,5,0,"noun","food_drink",1
81,5,0,"noun","food_drink",0
82,5,1,"noun","food_drink",1
83,5,0,"noun","food_drink",0
84,5,1,"noun","food_drink",1
85,5,1,"noun","food_drink",1
86,5,1,"noun","food_drink",1
87,5,1,"noun","food_drink",1
88,4,1,"noun","food_drink",1
89,5,1,"noun","food_drink",1
90,4,0,"noun","food_drink",1
91,5,0,"noun","food_drink",1
92,5,0,"noun","food_drink",1
93,5,1,"noun","food_drink",1
94,4,0,"noun","food_drink",1
96,5,1,"noun","food_drink",1
98,4,0,"noun","food_drink",1
99,4,1,"noun","food_drink",1
100,4,1,"noun","food_drink",1
101,5,1,"noun","food_drink",1
102,4,0,"noun","food_drink",0
103,4,1,"noun","food_drink",1
104,4,1,"noun","food_drink",1
105,4,1,"noun","food_drink",0
106,5,0,"noun","food_drink",1
107,4,1,"noun","food_drink",1
108,5,0,"noun","food_drink",1
109,4,1,"noun","food_drink",1
111,5,1,"noun","food_drink",0
112,4,1,"noun","food_drink",0
113,4,1,"noun","food_drink",1
114,5,1,"noun","food_drink",1
115,4,0,"noun","food_drink",0
116,4,0,"noun","food_drink",0
117,4,0,"noun","food_drink",1
118,4,0,"noun","food_drink",0
119,4,0,"noun","food_drink",1
120,4,0,"noun","food_drink",1
122,4,1,"noun","food_drink",1
123,4,1,"noun","food_drink",0
124,4,1,"noun","food_drink",1
125,4,1,"noun","food_drink",0
1,4,1,"noun","person_crowd",0
2,5,1,"noun","person_crowd",1
3,5,1,"noun","person_crowd",1
4,5,1,"noun","person_crowd",1
5,5,1,"noun","person_crowd",1
6,5,1,"noun","person_crowd",0
7,4,0,"noun","person_crowd",1
8,5,0,"noun","person_crowd",0
9,5,0,"noun","person_crowd",1
10,4,0,"noun","person_crowd",1
11,5,0,"noun","person_crowd",1
12,4,1,"noun","person_crowd",1
13,5,1,"noun","person_crowd",1
14,4,1,"noun","person_crowd",1
15,4,1,"noun","person_crowd",1
16,4,1,"noun","person_crowd",0
18,5,0,"noun","person_crowd",0
20,5,0,"noun","person_crowd",1
22,4,1,"noun","person_crowd",0
23,5,1,"noun","person_crowd",0
24,4,1,"noun","person_crowd",1
26,4,1,"noun","person_crowd",1
27,5,0,"noun","person_crowd",0
28,4,0,"noun","person_crowd",1
31,5,0,"noun","person_crowd",1
32,4,1,"noun","person_crowd",1
33,4,1,"noun","person_crowd",1
35,4,1,"noun","person_crowd",0
36,5,1,"noun","person_crowd",0
37,4,0,"noun","person_crowd",0
38,4,0,"noun","person_crowd",0
42,4,1,"noun","person_crowd",1
43,5,1,"noun","person_crowd",1
44,4,1,"noun","person_crowd",1
45,4,1,"noun","person_crowd",0
46,4,1,"noun","person_crowd",0
47,4,0,"noun","person_crowd",1
48,5,0,"noun","person_crowd",0
49,5,0,"noun","person_crowd",1
50,4,0,"noun","person_crowd",0
51,4,0,"noun","person_crowd",1
52,5,1,"noun","person_crowd",1
53,5,1,"noun","person_crowd",1
54,5,1,"noun","person_crowd",0
55,5,1,"noun","person_crowd",0
58,4,0,"noun","person_crowd",1
59,4,0,"noun","person_crowd",1
60,5,0,"noun","person_crowd",1
61,4,0,"noun","person_crowd",1
62,5,0,"noun","person_crowd",0
63,5,0,"noun","person_crowd",0
64,4,0,"noun","person_crowd",1
66,5,0,"noun","person_crowd",1
67,4,0,"noun","person_crowd",1
68,5,0,"noun","person_crowd",1
69,5,0,"noun","person_crowd",1
70,5,0,"noun","person_crowd",1
71,5,0,"noun","person_crowd",0
72,4,0,"noun","person_crowd",1
73,5,0,"noun","person_crowd",0
75,5,0,"noun","person_crowd",0
76,5,0,"noun","person_crowd",0
77,5,0,"noun","person_crowd",1
78,4,0,"noun","person_crowd",0
79,5,0,"noun","person_crowd",1
80,5,0,"noun","person_crowd",1
81,5,0,"noun","person_crowd",0
82,5,1,"noun","person_crowd",1
83,5,0,"noun","person_crowd",0
84,5,1,"noun","person_crowd",0
85,5,1,"noun","person_crowd",0
86,5,1,"noun","person_crowd",1
87,5,1,"noun","person_crowd",0
88,4,1,"noun","person_crowd",0
89,5,1,"noun","person_crowd",1
90,4,0,"noun","person_crowd",0
91,5,0,"noun","person_crowd",1
92,5,0,"noun","person_crowd",1
93,5,1,"noun","person_crowd",1
94,4,0,"noun","person_crowd",0
96,5,1,"noun","person_crowd",0
98,4,0,"noun","person_crowd",1
99,4,1,"noun","person_crowd",1
100,4,1,"noun","person_crowd",0
101,5,1,"noun","person_crowd",1
102,4,0,"noun","person_crowd",1
103,4,1,"noun","person_crowd",1
104,4,1,"noun","person_crowd",0
105,4,1,"noun","person_crowd",0
106,5,0,"noun","person_crowd",1
107,4,1,"noun","person_crowd",1
108,5,0,"noun","person_crowd",0
109,4,1,"noun","person_crowd",0
111,5,1,"noun","person_crowd",1
112,4,1,"noun","person_crowd",1
113,4,1,"noun","person_crowd",1
114,5,1,"noun","person_crowd",1
115,4,0,"noun","person_crowd",0
116,4,0,"noun","person_crowd",1
117,4,0,"noun","person_crowd",1
118,4,0,"noun","person_crowd",0
119,4,0,"noun","person_crowd",1
120,4,0,"noun","person_crowd",0
122,4,1,"noun","person_crowd",0
123,4,1,"noun","person_crowd",0
124,4,1,"noun","person_crowd",1
125,4,1,"noun","person_crowd",1
1,4,1,"noun","king_queen",0
2,5,1,"noun","king_queen",1
3,5,1,"noun","king_queen",1
4,5,1,"noun","king_queen",1
5,5,1,"noun","king_queen",1
6,5,1,"noun","king_queen",1
7,4,0,"noun","king_queen",0
8,5,0,"noun","king_queen",0
9,5,0,"noun","king_queen",0
10,4,0,"noun","king_queen",1
11,5,0,"noun","king_queen",0
12,4,1,"noun","king_queen",0
13,5,1,"noun","king_queen",0
14,4,1,"noun","king_queen",1
15,4,1,"noun","king_queen",0
16,4,1,"noun","king_queen",1
18,5,0,"noun","king_queen",0
20,5,0,"noun","king_queen",0
22,4,1,"noun","king_queen",1
23,5,1,"noun","king_queen",1
24,4,1,"noun","king_queen",1
26,4,1,"noun","king_queen",0
27,5,0,"noun","king_queen",1
28,4,0,"noun","king_queen",1
31,5,0,"noun","king_queen",0
32,4,1,"noun","king_queen",0
33,4,1,"noun","king_queen",0
35,4,1,"noun","king_queen",0
36,5,1,"noun","king_queen",1
37,4,0,"noun","king_queen",1
38,4,0,"noun","king_queen",0
42,4,1,"noun","king_queen",1
43,5,1,"noun","king_queen",1
44,4,1,"noun","king_queen",1
45,4,1,"noun","king_queen",1
46,4,1,"noun","king_queen",1
47,4,0,"noun","king_queen",0
48,5,0,"noun","king_queen",0
49,5,0,"noun","king_queen",1
50,4,0,"noun","king_queen",0
51,4,0,"noun","king_queen",1
52,5,1,"noun","king_queen",0
53,5,1,"noun","king_queen",1
54,5,1,"noun","king_queen",0
55,5,1,"noun","king_queen",0
58,4,0,"noun","king_queen",1
59,4,0,"noun","king_queen",1
60,5,0,"noun","king_queen",1
61,4,0,"noun","king_queen",0
62,5,0,"noun","king_queen",0
63,5,0,"noun","king_queen",0
64,4,0,"noun","king_queen",0
66,5,0,"noun","king_queen",1
67,4,0,"noun","king_queen",0
68,5,0,"noun","king_queen",0
69,5,0,"noun","king_queen",1
70,5,0,"noun","king_queen",0
71,5,0,"noun","king_queen",1
72,4,0,"noun","king_queen",0
73,5,0,"noun","king_queen",1
75,5,0,"noun","king_queen",1
76,5,0,"noun","king_queen",1
77,5,0,"noun","king_queen",1
78,4,0,"noun","king_queen",1
79,5,0,"noun","king_queen",0
80,5,0,"noun","king_queen",1
81,5,0,"noun","king_queen",0
82,5,1,"noun","king_queen",1
83,5,0,"noun","king_queen",1
84,5,1,"noun","king_queen",1
85,5,1,"noun","king_queen",0
86,5,1,"noun","king_queen",1
87,5,1,"noun","king_queen",0
88,4,1,"noun","king_queen",1
89,5,1,"noun","king_queen",1
90,4,0,"noun","king_queen",1
91,5,0,"noun","king_queen",1
92,5,0,"noun","king_queen",1
93,5,1,"noun","king_queen",1
94,4,0,"noun","king_queen",1
96,5,1,"noun","king_queen",1
98,4,0,"noun","king_queen",1
99,4,1,"noun","king_queen",1
100,4,1,"noun","king_queen",1
101,5,1,"noun","king_queen",1
102,4,0,"noun","king_queen",0
103,4,1,"noun","king_queen",1
104,4,1,"noun","king_queen",1
105,4,1,"noun","king_queen",1
106,5,0,"noun","king_queen",1
107,4,1,"noun","king_queen",0
108,5,0,"noun","king_queen",1
109,4,1,"noun","king_queen",0
111,5,1,"noun","king_queen",0
112,4,1,"noun","king_queen",1
113,4,1,"noun","king_queen",1
114,5,1,"noun","king_queen",1
115,4,0,"noun","king_queen",0
116,4,0,"noun","king_queen",0
117,4,0,"noun","king_queen",0
118,4,0,"noun","king_queen",1
119,4,0,"noun","king_queen",1
120,4,0,"noun","king_queen",1
122,4,1,"noun","king_queen",0
123,4,1,"noun","king_queen",1
124,4,1,"noun","king_queen",0
125,4,1,"noun","king_queen",0
1,4,1,"noun","love_hate",1
2,5,1,"noun","love_hate",1
3,5,1,"noun","love_hate",1
4,5,1,"noun","love_hate",1
5,5,1,"noun","love_hate",1
6,5,1,"noun","love_hate",1
7,4,0,"noun","love_hate",0
8,5,0,"noun","love_hate",1
9,5,0,"noun","love_hate",1
10,4,0,"noun","love_hate",0
11,5,0,"noun","love_hate",1
12,4,1,"noun","love_hate",0
13,5,1,"noun","love_hate",0
14,4,1,"noun","love_hate",0
15,4,1,"noun","love_hate",0
16,4,1,"noun","love_hate",1
18,5,0,"noun","love_hate",1
20,5,0,"noun","love_hate",0
22,4,1,"noun","love_hate",1
23,5,1,"noun","love_hate",0
24,4,1,"noun","love_hate",1
26,4,1,"noun","love_hate",1
27,5,0,"noun","love_hate",1
28,4,0,"noun","love_hate",1
31,5,0,"noun","love_hate",1
32,4,1,"noun","love_hate",0
33,4,1,"noun","love_hate",0
35,4,1,"noun","love_hate",1
36,5,1,"noun","love_hate",1
37,4,0,"noun","love_hate",0
38,4,0,"noun","love_hate",0
42,4,1,"noun","love_hate",1
43,5,1,"noun","love_hate",1
44,4,1,"noun","love_hate",1
45,4,1,"noun","love_hate",1
46,4,1,"noun","love_hate",1
47,4,0,"noun","love_hate",1
48,5,0,"noun","love_hate",0
49,5,0,"noun","love_hate",1
50,4,0,"noun","love_hate",0
51,4,0,"noun","love_hate",0
52,5,1,"noun","love_hate",1
53,5,1,"noun","love_hate",0
54,5,1,"noun","love_hate",1
55,5,1,"noun","love_hate",0
58,4,0,"noun","love_hate",1
59,4,0,"noun","love_hate",0
60,5,0,"noun","love_hate",0
61,4,0,"noun","love_hate",1
62,5,0,"noun","love_hate",1
63,5,0,"noun","love_hate",1
64,4,0,"noun","love_hate",0
66,5,0,"noun","love_hate",0
67,4,0,"noun","love_hate",0
68,5,0,"noun","love_hate",1
69,5,0,"noun","love_hate",0
70,5,0,"noun","love_hate",1
71,5,0,"noun","love_hate",0
72,4,0,"noun","love_hate",0
73,5,0,"noun","love_hate",1
75,5,0,"noun","love_hate",1
76,5,0,"noun","love_hate",1
77,5,0,"noun","love_hate",1
78,4,0,"noun","love_hate",1
79,5,0,"noun","love_hate",1
80,5,0,"noun","love_hate",1
81,5,0,"noun","love_hate",1
82,5,1,"noun","love_hate",1
83,5,0,"noun","love_hate",1
84,5,1,"noun","love_hate",1
85,5,1,"noun","love_hate",0
86,5,1,"noun","love_hate",1
87,5,1,"noun","love_hate",1
88,4,1,"noun","love_hate",1
89,5,1,"noun","love_hate",1
90,4,0,"noun","love_hate",1
91,5,0,"noun","love_hate",1
92,5,0,"noun","love_hate",1
93,5,1,"noun","love_hate",1
94,4,0,"noun","love_hate",1
96,5,1,"noun","love_hate",0
98,4,0,"noun","love_hate",1
99,4,1,"noun","love_hate",1
100,4,1,"noun","love_hate",1
101,5,1,"noun","love_hate",1
102,4,0,"noun","love_hate",1
103,4,1,"noun","love_hate",1
104,4,1,"noun","love_hate",1
105,4,1,"noun","love_hate",1
106,5,0,"noun","love_hate",1
107,4,1,"noun","love_hate",0
108,5,0,"noun","love_hate",1
109,4,1,"noun","love_hate",0
111,5,1,"noun","love_hate",0
112,4,1,"noun","love_hate",1
113,4,1,"noun","love_hate",1
114,5,1,"noun","love_hate",1
115,4,0,"noun","love_hate",1
116,4,0,"noun","love_hate",1
117,4,0,"noun","love_hate",1
118,4,0,"noun","love_hate",1
119,4,0,"noun","love_hate",1
120,4,0,"noun","love_hate",1
122,4,1,"noun","love_hate",1
123,4,1,"noun","love_hate",1
124,4,1,"noun","love_hate",1
125,4,1,"noun","love_hate",1
1,4,1,"verb","break_fix",0
2,5,1,"verb","break_fix",1
3,5,1,"verb","break_fix",1
4,5,1,"verb","break_fix",0
5,5,1,"verb","break_fix",1
6,5,1,"verb","break_fix",1
7,4,0,"verb","break_fix",0
8,5,0,"verb","break_fix",1
9,5,0,"verb","break_fix",1
10,4,0,"verb","break_fix",0
11,5,0,"verb","break_fix",1
12,4,1,"verb","break_fix",1
13,5,1,"verb","break_fix",1
14,4,1,"verb","break_fix",1
15,4,1,"verb","break_fix",0
16,4,1,"verb","break_fix",1
18,5,0,"verb","break_fix",1
20,5,0,"verb","break_fix",1
22,4,1,"verb","break_fix",1
23,5,1,"verb","break_fix",1
24,4,1,"verb","break_fix",1
26,4,1,"verb","break_fix",0
27,5,0,"verb","break_fix",1
28,4,0,"verb","break_fix",0
31,5,0,"verb","break_fix",0
32,4,1,"verb","break_fix",1
33,4,1,"verb","break_fix",1
35,4,1,"verb","break_fix",0
36,5,1,"verb","break_fix",1
37,4,0,"verb","break_fix",0
38,4,0,"verb","break_fix",1
42,4,1,"verb","break_fix",0
43,5,1,"verb","break_fix",1
44,4,1,"verb","break_fix",1
45,4,1,"verb","break_fix",1
46,4,1,"verb","break_fix",1
47,4,0,"verb","break_fix",0
48,5,0,"verb","break_fix",1
49,5,0,"verb","break_fix",1
50,4,0,"verb","break_fix",1
51,4,0,"verb","break_fix",1
52,5,1,"verb","break_fix",0
53,5,1,"verb","break_fix",1
54,5,1,"verb","break_fix",1
55,5,1,"verb","break_fix",1
58,4,0,"verb","break_fix",0
59,4,0,"verb","break_fix",1
60,5,0,"verb","break_fix",1
61,4,0,"verb","break_fix",1
62,5,0,"verb","break_fix",1
63,5,0,"verb","break_fix",1
64,4,0,"verb","break_fix",1
66,5,0,"verb","break_fix",1
67,4,0,"verb","break_fix",1
68,5,0,"verb","break_fix",0
69,5,0,"verb","break_fix",1
70,5,0,"verb","break_fix",1
71,5,0,"verb","break_fix",0
72,4,0,"verb","break_fix",1
73,5,0,"verb","break_fix",1
75,5,0,"verb","break_fix",1
76,5,0,"verb","break_fix",1
77,5,0,"verb","break_fix",1
78,4,0,"verb","break_fix",1
79,5,0,"verb","break_fix",0
80,5,0,"verb","break_fix",1
81,5,0,"verb","break_fix",0
82,5,1,"verb","break_fix",1
83,5,0,"verb","break_fix",1
84,5,1,"verb","break_fix",1
85,5,1,"verb","break_fix",0
86,5,1,"verb","break_fix",1
87,5,1,"verb","break_fix",1
88,4,1,"verb","break_fix",1
89,5,1,"verb","break_fix",1
90,4,0,"verb","break_fix",1
91,5,0,"verb","break_fix",1
92,5,0,"verb","break_fix",1
93,5,1,"verb","break_fix",1
94,4,0,"verb","break_fix",0
96,5,1,"verb","break_fix",1
98,4,0,"verb","break_fix",1
99,4,1,"verb","break_fix",1
100,4,1,"verb","break_fix",1
101,5,1,"verb","break_fix",1
102,4,0,"verb","break_fix",1
103,4,1,"verb","break_fix",1
104,4,1,"verb","break_fix",1
105,4,1,"verb","break_fix",1
106,5,0,"verb","break_fix",1
107,4,1,"verb","break_fix",1
108,5,0,"verb","break_fix",1
109,4,1,"verb","break_fix",1
111,5,1,"verb","break_fix",0
112,4,1,"verb","break_fix",1
113,4,1,"verb","break_fix",1
114,5,1,"verb","break_fix",1
115,4,0,"verb","break_fix",1
116,4,0,"verb","break_fix",1
117,4,0,"verb","break_fix",0
118,4,0,"verb","break_fix",0
119,4,0,"verb","break_fix",1
120,4,0,"verb","break_fix",0
122,4,1,"verb","break_fix",0
123,4,1,"verb","break_fix",1
124,4,1,"verb","break_fix",0
125,4,1,"verb","break_fix",1
1,4,1,"verb","give_take",1
2,5,1,"verb","give_take",1
3,5,1,"verb","give_take",1
4,5,1,"verb","give_take",1
5,5,1,"verb","give_take",1
6,5,1,"verb","give_take",1
7,4,0,"verb","give_take",0
8,5,0,"verb","give_take",0
9,5,0,"verb","give_take",0
10,4,0,"verb","give_take",1
11,5,0,"verb","give_take",0
12,4,1,"verb","give_take",1
13,5,1,"verb","give_take",1
14,4,1,"verb","give_take",0
15,4,1,"verb","give_take",1
16,4,1,"verb","give_take",1
18,5,0,"verb","give_take",0
20,5,0,"verb","give_take",1
22,4,1,"verb","give_take",1
23,5,1,"verb","give_take",1
24,4,1,"verb","give_take",0
26,4,1,"verb","give_take",1
27,5,0,"verb","give_take",1
28,4,0,"verb","give_take",0
31,5,0,"verb","give_take",0
32,4,1,"verb","give_take",1
33,4,1,"verb","give_take",1
35,4,1,"verb","give_take",0
36,5,1,"verb","give_take",1
37,4,0,"verb","give_take",0
38,4,0,"verb","give_take",0
42,4,1,"verb","give_take",1
43,5,1,"verb","give_take",1
44,4,1,"verb","give_take",1
45,4,1,"verb","give_take",0
46,4,1,"verb","give_take",1
47,4,0,"verb","give_take",1
48,5,0,"verb","give_take",1
49,5,0,"verb","give_take",1
50,4,0,"verb","give_take",0
51,4,0,"verb","give_take",1
52,5,1,"verb","give_take",0
53,5,1,"verb","give_take",1
54,5,1,"verb","give_take",0
55,5,1,"verb","give_take",1
58,4,0,"verb","give_take",0
59,4,0,"verb","give_take",1
60,5,0,"verb","give_take",1
61,4,0,"verb","give_take",1
62,5,0,"verb","give_take",1
63,5,0,"verb","give_take",1
64,4,0,"verb","give_take",1
66,5,0,"verb","give_take",1
67,4,0,"verb","give_take",1
68,5,0,"verb","give_take",0
69,5,0,"verb","give_take",1
70,5,0,"verb","give_take",1
71,5,0,"verb","give_take",0
72,4,0,"verb","give_take",1
73,5,0,"verb","give_take",0
75,5,0,"verb","give_take",1
76,5,0,"verb","give_take",1
77,5,0,"verb","give_take",0
78,4,0,"verb","give_take",1
79,5,0,"verb","give_take",1
80,5,0,"verb","give_take",1
81,5,0,"verb","give_take",1
82,5,1,"verb","give_take",1
83,5,0,"verb","give_take",1
84,5,1,"verb","give_take",1
85,5,1,"verb","give_take",0
86,5,1,"verb","give_take",1
87,5,1,"verb","give_take",1
88,4,1,"verb","give_take",1
89,5,1,"verb","give_take",1
90,4,0,"verb","give_take",1
91,5,0,"verb","give_take",1
92,5,0,"verb","give_take",1
93,5,1,"verb","give_take",1
94,4,0,"verb","give_take",0
96,5,1,"verb","give_take",0
98,4,0,"verb","give_take",1
99,4,1,"verb","give_take",1
100,4,1,"verb","give_take",1
101,5,1,"verb","give_take",1
102,4,0,"verb","give_take",1
103,4,1,"verb","give_take",0
104,4,1,"verb","give_take",1
105,4,1,"verb","give_take",1
106,5,0,"verb","give_take",1
107,4,1,"verb","give_take",1
108,5,0,"verb","give_take",1
109,4,1,"verb","give_take",0
111,5,1,"verb","give_take",0
112,4,1,"verb","give_take",1
113,4,1,"verb","give_take",1
114,5,1,"verb","give_take",1
115,4,0,"verb","give_take",1
116,4,0,"verb","give_take",0
117,4,0,"verb","give_take",1
118,4,0,"verb","give_take",0
119,4,0,"verb","give_take",1
120,4,0,"verb","give_take",1
122,4,1,"verb","give_take",1
123,4,1,"verb","give_take",0
124,4,1,"verb","give_take",1
125,4,1,"verb","give_take",1
1,4,1,"verb","open_close",1
2,5,1,"verb","open_close",1
3,5,1,"verb","open_close",1
4,5,1,"verb","open_close",1
5,5,1,"verb","open_close",1
6,5,1,"verb","open_close",1
7,4,0,"verb","open_close",1
8,5,0,"verb","open_close",1
9,5,0,"verb","open_close",1
10,4,0,"verb","open_close",0
11,5,0,"verb","open_close",1
12,4,1,"verb","open_close",1
13,5,1,"verb","open_close",1
14,4,1,"verb","open_close",1
15,4,1,"verb","open_close",1
16,4,1,"verb","open_close",1
18,5,0,"verb","open_close",0
20,5,0,"verb","open_close",0
22,4,1,"verb","open_close",1
23,5,1,"verb","open_close",1
24,4,1,"verb","open_close",0
26,4,1,"verb","open_close",1
27,5,0,"verb","open_close",1
28,4,0,"verb","open_close",1
31,5,0,"verb","open_close",0
32,4,1,"verb","open_close",0
33,4,1,"verb","open_close",1
35,4,1,"verb","open_close",1
36,5,1,"verb","open_close",1
37,4,0,"verb","open_close",1
38,4,0,"verb","open_close",1
42,4,1,"verb","open_close",1
43,5,1,"verb","open_close",1
44,4,1,"verb","open_close",1
45,4,1,"verb","open_close",1
46,4,1,"verb","open_close",0
47,4,0,"verb","open_close",1
48,5,0,"verb","open_close",0
49,5,0,"verb","open_close",1
50,4,0,"verb","open_close",1
51,4,0,"verb","open_close",0
52,5,1,"verb","open_close",1
53,5,1,"verb","open_close",0
54,5,1,"verb","open_close",1
55,5,1,"verb","open_close",1
58,4,0,"verb","open_close",1
59,4,0,"verb","open_close",0
60,5,0,"verb","open_close",0
61,4,0,"verb","open_close",1
62,5,0,"verb","open_close",1
63,5,0,"verb","open_close",1
64,4,0,"verb","open_close",1
66,5,0,"verb","open_close",0
67,4,0,"verb","open_close",0
68,5,0,"verb","open_close",0
69,5,0,"verb","open_close",0
70,5,0,"verb","open_close",1
71,5,0,"verb","open_close",1
72,4,0,"verb","open_close",0
73,5,0,"verb","open_close",1
75,5,0,"verb","open_close",1
76,5,0,"verb","open_close",1
77,5,0,"verb","open_close",1
78,4,0,"verb","open_close",1
79,5,0,"verb","open_close",1
80,5,0,"verb","open_close",0
81,5,0,"verb","open_close",1
82,5,1,"verb","open_close",1
83,5,0,"verb","open_close",1
84,5,1,"verb","open_close",1
85,5,1,"verb","open_close",1
86,5,1,"verb","open_close",1
87,5,1,"verb","open_close",0
88,4,1,"verb","open_close",1
89,5,1,"verb","open_close",1
90,4,0,"verb","open_close",1
91,5,0,"verb","open_close",1
92,5,0,"verb","open_close",1
93,5,1,"verb","open_close",1
94,4,0,"verb","open_close",1
96,5,1,"verb","open_close",0
98,4,0,"verb","open_close",1
99,4,1,"verb","open_close",1
100,4,1,"verb","open_close",1
101,5,1,"verb","open_close",1
102,4,0,"verb","open_close",0
103,4,1,"verb","open_close",0
104,4,1,"verb","open_close",1
105,4,1,"verb","open_close",1
106,5,0,"verb","open_close",1
107,4,1,"verb","open_close",0
108,5,0,"verb","open_close",1
109,4,1,"verb","open_close",1
111,5,1,"verb","open_close",0
112,4,1,"verb","open_close",1
113,4,1,"verb","open_close",0
114,5,1,"verb","open_close",1
115,4,0,"verb","open_close",0
116,4,0,"verb","open_close",0
117,4,0,"verb","open_close",1
118,4,0,"verb","open_close",0
119,4,0,"verb","open_close",1
120,4,0,"verb","open_close",0
122,4,1,"verb","open_close",1
123,4,1,"verb","open_close",1
124,4,1,"verb","open_close",0
125,4,1,"verb","open_close",1
1,4,1,"verb","walk_run",0
2,5,1,"verb","walk_run",1
3,5,1,"verb","walk_run",1
4,5,1,"verb","walk_run",1
5,5,1,"verb","walk_run",1
6,5,1,"verb","walk_run",1
7,4,0,"verb","walk_run",1
8,5,0,"verb","walk_run",0
9,5,0,"verb","walk_run",0
10,4,0,"verb","walk_run",0
11,5,0,"verb","walk_run",1
12,4,1,"verb","walk_run",1
13,5,1,"verb","walk_run",1
14,4,1,"verb","walk_run",1
15,4,1,"verb","walk_run",1
16,4,1,"verb","walk_run",0
18,5,0,"verb","walk_run",1
20,5,0,"verb","walk_run",1
22,4,1,"verb","walk_run",0
23,5,1,"verb","walk_run",1
24,4,1,"verb","walk_run",1
26,4,1,"verb","walk_run",1
27,5,0,"verb","walk_run",1
28,4,0,"verb","walk_run",1
31,5,0,"verb","walk_run",1
32,4,1,"verb","walk_run",1
33,4,1,"verb","walk_run",1
35,4,1,"verb","walk_run",1
36,5,1,"verb","walk_run",1
37,4,0,"verb","walk_run",1
38,4,0,"verb","walk_run",1
42,4,1,"verb","walk_run",1
43,5,1,"verb","walk_run",1
44,4,1,"verb","walk_run",0
45,4,1,"verb","walk_run",0
46,4,1,"verb","walk_run",1
47,4,0,"verb","walk_run",0
48,5,0,"verb","walk_run",1
49,5,0,"verb","walk_run",1
50,4,0,"verb","walk_run",1
51,4,0,"verb","walk_run",1
52,5,1,"verb","walk_run",1
53,5,1,"verb","walk_run",1
54,5,1,"verb","walk_run",1
55,5,1,"verb","walk_run",1
58,4,0,"verb","walk_run",0
59,4,0,"verb","walk_run",1
60,5,0,"verb","walk_run",0
61,4,0,"verb","walk_run",1
62,5,0,"verb","walk_run",1
63,5,0,"verb","walk_run",1
64,4,0,"verb","walk_run",1
66,5,0,"verb","walk_run",1
67,4,0,"verb","walk_run",1
68,5,0,"verb","walk_run",0
69,5,0,"verb","walk_run",1
70,5,0,"verb","walk_run",0
71,5,0,"verb","walk_run",1
72,4,0,"verb","walk_run",1
73,5,0,"verb","walk_run",1
75,5,0,"verb","walk_run",1
76,5,0,"verb","walk_run",1
77,5,0,"verb","walk_run",1
78,4,0,"verb","walk_run",1
79,5,0,"verb","walk_run",1
80,5,0,"verb","walk_run",1
81,5,0,"verb","walk_run",0
82,5,1,"verb","walk_run",1
83,5,0,"verb","walk_run",1
84,5,1,"verb","walk_run",0
85,5,1,"verb","walk_run",1
86,5,1,"verb","walk_run",1
87,5,1,"verb","walk_run",0
88,4,1,"verb","walk_run",0
89,5,1,"verb","walk_run",1
90,4,0,"verb","walk_run",1
91,5,0,"verb","walk_run",1
92,5,0,"verb","walk_run",1
93,5,1,"verb","walk_run",1
94,4,0,"verb","walk_run",1
96,5,1,"verb","walk_run",1
98,4,0,"verb","walk_run",1
99,4,1,"verb","walk_run",1
100,4,1,"verb","walk_run",1
101,5,1,"verb","walk_run",1
102,4,0,"verb","walk_run",1
103,4,1,"verb","walk_run",1
104,4,1,"verb","walk_run",0
105,4,1,"verb","walk_run",1
106,5,0,"verb","walk_run",1
107,4,1,"verb","walk_run",0
108,5,0,"verb","walk_run",0
109,4,1,"verb","walk_run",0
111,5,1,"verb","walk_run",0
112,4,1,"verb","walk_run",1
113,4,1,"verb","walk_run",0
114,5,1,"verb","walk_run",1
115,4,0,"verb","walk_run",1
116,4,0,"verb","walk_run",1
117,4,0,"verb","walk_run",0
118,4,0,"verb","walk_run",1
119,4,0,"verb","walk_run",1
120,4,0,"verb","walk_run",1
122,4,1,"verb","walk_run",1
123,4,1,"verb","walk_run",1
124,4,1,"verb","walk_run",1
125,4,1,"verb","walk_run",1
1,4,1,"verb","smile_frown",0
2,5,1,"verb","smile_frown",1
3,5,1,"verb","smile_frown",1
4,5,1,"verb","smile_frown",1
5,5,1,"verb","smile_frown",1
6,5,1,"verb","smile_frown",0
7,4,0,"verb","smile_frown",0
8,5,0,"verb","smile_frown",1
9,5,0,"verb","smile_frown",1
10,4,0,"verb","smile_frown",1
11,5,0,"verb","smile_frown",0
12,4,1,"verb","smile_frown",0
13,5,1,"verb","smile_frown",1
14,4,1,"verb","smile_frown",1
15,4,1,"verb","smile_frown",0
16,4,1,"verb","smile_frown",0
18,5,0,"verb","smile_frown",1
20,5,0,"verb","smile_frown",1
22,4,1,"verb","smile_frown",0
23,5,1,"verb","smile_frown",1
24,4,1,"verb","smile_frown",0
26,4,1,"verb","smile_frown",1
27,5,0,"verb","smile_frown",1
28,4,0,"verb","smile_frown",1
31,5,0,"verb","smile_frown",0
32,4,1,"verb","smile_frown",0
33,4,1,"verb","smile_frown",0
35,4,1,"verb","smile_frown",0
36,5,1,"verb","smile_frown",1
37,4,0,"verb","smile_frown",0
38,4,0,"verb","smile_frown",0
42,4,1,"verb","smile_frown",1
43,5,1,"verb","smile_frown",1
44,4,1,"verb","smile_frown",0
45,4,1,"verb","smile_frown",1
46,4,1,"verb","smile_frown",0
47,4,0,"verb","smile_frown",0
48,5,0,"verb","smile_frown",1
49,5,0,"verb","smile_frown",1
50,4,0,"verb","smile_frown",0
51,4,0,"verb","smile_frown",0
52,5,1,"verb","smile_frown",1
53,5,1,"verb","smile_frown",1
54,5,1,"verb","smile_frown",0
55,5,1,"verb","smile_frown",1
58,4,0,"verb","smile_frown",1
59,4,0,"verb","smile_frown",1
60,5,0,"verb","smile_frown",0
61,4,0,"verb","smile_frown",1
62,5,0,"verb","smile_frown",1
63,5,0,"verb","smile_frown",1
64,4,0,"verb","smile_frown",0
66,5,0,"verb","smile_frown",0
67,4,0,"verb","smile_frown",0
68,5,0,"verb","smile_frown",0
69,5,0,"verb","smile_frown",1
70,5,0,"verb","smile_frown",1
71,5,0,"verb","smile_frown",1
72,4,0,"verb","smile_frown",0
73,5,0,"verb","smile_frown",1
75,5,0,"verb","smile_frown",1
76,5,0,"verb","smile_frown",1
77,5,0,"verb","smile_frown",1
78,4,0,"verb","smile_frown",1
79,5,0,"verb","smile_frown",0
80,5,0,"verb","smile_frown",0
81,5,0,"verb","smile_frown",1
82,5,1,"verb","smile_frown",1
83,5,0,"verb","smile_frown",0
84,5,1,"verb","smile_frown",1
85,5,1,"verb","smile_frown",0
86,5,1,"verb","smile_frown",1
87,5,1,"verb","smile_frown",0
88,4,1,"verb","smile_frown",1
89,5,1,"verb","smile_frown",1
90,4,0,"verb","smile_frown",1
91,5,0,"verb","smile_frown",1
92,5,0,"verb","smile_frown",1
93,5,1,"verb","smile_frown",1
94,4,0,"verb","smile_frown",1
96,5,1,"verb","smile_frown",0
98,4,0,"verb","smile_frown",1
99,4,1,"verb","smile_frown",0
100,4,1,"verb","smile_frown",1
101,5,1,"verb","smile_frown",1
102,4,0,"verb","smile_frown",0
103,4,1,"verb","smile_frown",1
104,4,1,"verb","smile_frown",1
105,4,1,"verb","smile_frown",1
106,5,0,"verb","smile_frown",1
107,4,1,"verb","smile_frown",1
108,5,0,"verb","smile_frown",1
109,4,1,"verb","smile_frown",1
111,5,1,"verb","smile_frown",0
112,4,1,"verb","smile_frown",0
113,4,1,"verb","smile_frown",0
114,5,1,"verb","smile_frown",1
115,4,0,"verb","smile_frown",0
116,4,0,"verb","smile_frown",0
117,4,0,"verb","smile_frown",0
118,4,0,"verb","smile_frown",0
119,4,0,"verb","smile_frown",1
120,4,0,"verb","smile_frown",0
122,4,1,"verb","smile_frown",1
123,4,1,"verb","smile_frown",1
124,4,1,"verb","smile_frown",0
125,4,1,"verb","smile_frown",1
1,4,1,"verb","throw_catch",0
2,5,1,"verb","throw_catch",1
3,5,1,"verb","throw_catch",1
4,5,1,"verb","throw_catch",0
5,5,1,"verb","throw_catch",1
6,5,1,"verb","throw_catch",1
7,4,0,"verb","throw_catch",0
8,5,0,"verb","throw_catch",1
9,5,0,"verb","throw_catch",1
10,4,0,"verb","throw_catch",0
11,5,0,"verb","throw_catch",0
12,4,1,"verb","throw_catch",0
13,5,1,"verb","throw_catch",0
14,4,1,"verb","throw_catch",0
15,4,1,"verb","throw_catch",1
16,4,1,"verb","throw_catch",1
18,5,0,"verb","throw_catch",1
20,5,0,"verb","throw_catch",1
22,4,1,"verb","throw_catch",0
23,5,1,"verb","throw_catch",1
24,4,1,"verb","throw_catch",0
26,4,1,"verb","throw_catch",0
27,5,0,"verb","throw_catch",1
28,4,0,"verb","throw_catch",1
31,5,0,"verb","throw_catch",1
32,4,1,"verb","throw_catch",0
33,4,1,"verb","throw_catch",1
35,4,1,"verb","throw_catch",1
36,5,1,"verb","throw_catch",1
37,4,0,"verb","throw_catch",0
38,4,0,"verb","throw_catch",1
42,4,1,"verb","throw_catch",1
43,5,1,"verb","throw_catch",1
44,4,1,"verb","throw_catch",1
45,4,1,"verb","throw_catch",0
46,4,1,"verb","throw_catch",1
47,4,0,"verb","throw_catch",1
48,5,0,"verb","throw_catch",1
49,5,0,"verb","throw_catch",1
50,4,0,"verb","throw_catch",0
51,4,0,"verb","throw_catch",1
52,5,1,"verb","throw_catch",1
53,5,1,"verb","throw_catch",1
54,5,1,"verb","throw_catch",1
55,5,1,"verb","throw_catch",1
58,4,0,"verb","throw_catch",0
59,4,0,"verb","throw_catch",0
60,5,0,"verb","throw_catch",1
61,4,0,"verb","throw_catch",1
62,5,0,"verb","throw_catch",1
63,5,0,"verb","throw_catch",1
64,4,0,"verb","throw_catch",0
66,5,0,"verb","throw_catch",1
67,4,0,"verb","throw_catch",0
68,5,0,"verb","throw_catch",1
69,5,0,"verb","throw_catch",1
70,5,0,"verb","throw_catch",1
71,5,0,"verb","throw_catch",1
72,4,0,"verb","throw_catch",0
73,5,0,"verb","throw_catch",1
75,5,0,"verb","throw_catch",1
76,5,0,"verb","throw_catch",1
77,5,0,"verb","throw_catch",1
78,4,0,"verb","throw_catch",1
79,5,0,"verb","throw_catch",0
80,5,0,"verb","throw_catch",1
81,5,0,"verb","throw_catch",1
82,5,1,"verb","throw_catch",1
83,5,0,"verb","throw_catch",1
84,5,1,"verb","throw_catch",1
85,5,1,"verb","throw_catch",1
86,5,1,"verb","throw_catch",1
87,5,1,"verb","throw_catch",0
88,4,1,"verb","throw_catch",1
89,5,1,"verb","throw_catch",1
90,4,0,"verb","throw_catch",1
91,5,0,"verb","throw_catch",1
92,5,0,"verb","throw_catch",1
93,5,1,"verb","throw_catch",1
94,4,0,"verb","throw_catch",1
96,5,1,"verb","throw_catch",1
98,4,0,"verb","throw_catch",1
99,4,1,"verb","throw_catch",1
100,4,1,"verb","throw_catch",1
101,5,1,"verb","throw_catch",1
102,4,0,"verb","throw_catch",1
103,4,1,"verb","throw_catch",1
104,4,1,"verb","throw_catch",1
105,4,1,"verb","throw_catch",1
106,5,0,"verb","throw_catch",1
107,4,1,"verb","throw_catch",0
108,5,0,"verb","throw_catch",0
109,4,1,"verb","throw_catch",1
111,5,1,"verb","throw_catch",0
112,4,1,"verb","throw_catch",1
113,4,1,"verb","throw_catch",1
114,5,1,"verb","throw_catch",1
115,4,0,"verb","throw_catch",1
116,4,0,"verb","throw_catch",0
117,4,0,"verb","throw_catch",1
118,4,0,"verb","throw_catch",0
119,4,0,"verb","throw_catch",1
120,4,0,"verb","throw_catch",1
122,4,1,"verb","throw_catch",0
123,4,1,"verb","throw_catch",1
124,4,1,"verb","throw_catch",0
125,4,1,"verb","throw_catch",1
1,4,1,"verb","build_destroy",1
2,5,1,"verb","build_destroy",1
3,5,1,"verb","build_destroy",1
4,5,1,"verb","build_destroy",1
5,5,1,"verb","build_destroy",1
6,5,1,"verb","build_destroy",1
7,4,0,"verb","build_destroy",1
8,5,0,"verb","build_destroy",1
9,5,0,"verb","build_destroy",0
10,4,0,"verb","build_destroy",0
11,5,0,"verb","build_destroy",1
12,4,1,"verb","build_destroy",1
13,5,1,"verb","build_destroy",0
14,4,1,"verb","build_destroy",1
15,4,1,"verb","build_destroy",1
16,4,1,"verb","build_destroy",1
18,5,0,"verb","build_destroy",0
20,5,0,"verb","build_destroy",1
22,4,1,"verb","build_destroy",1
23,5,1,"verb","build_destroy",0
24,4,1,"verb","build_destroy",0
26,4,1,"verb","build_destroy",1
27,5,0,"verb","build_destroy",1
28,4,0,"verb","build_destroy",1
31,5,0,"verb","build_destroy",1
32,4,1,"verb","build_destroy",0
33,4,1,"verb","build_destroy",1
35,4,1,"verb","build_destroy",0
36,5,1,"verb","build_destroy",1
37,4,0,"verb","build_destroy",1
38,4,0,"verb","build_destroy",0
42,4,1,"verb","build_destroy",1
43,5,1,"verb","build_destroy",1
44,4,1,"verb","build_destroy",0
45,4,1,"verb","build_destroy",0
46,4,1,"verb","build_destroy",1
47,4,0,"verb","build_destroy",0
48,5,0,"verb","build_destroy",0
49,5,0,"verb","build_destroy",0
50,4,0,"verb","build_destroy",0
51,4,0,"verb","build_destroy",1
52,5,1,"verb","build_destroy",0
53,5,1,"verb","build_destroy",1
54,5,1,"verb","build_destroy",1
55,5,1,"verb","build_destroy",1
58,4,0,"verb","build_destroy",0
59,4,0,"verb","build_destroy",1
60,5,0,"verb","build_destroy",1
61,4,0,"verb","build_destroy",1
62,5,0,"verb","build_destroy",1
63,5,0,"verb","build_destroy",1
64,4,0,"verb","build_destroy",0
66,5,0,"verb","build_destroy",1
67,4,0,"verb","build_destroy",1
68,5,0,"verb","build_destroy",0
69,5,0,"verb","build_destroy",1
70,5,0,"verb","build_destroy",1
71,5,0,"verb","build_destroy",0
72,4,0,"verb","build_destroy",0
73,5,0,"verb","build_destroy",0
75,5,0,"verb","build_destroy",1
76,5,0,"verb","build_destroy",1
77,5,0,"verb","build_destroy",1
78,4,0,"verb","build_destroy",1
79,5,0,"verb","build_destroy",1
80,5,0,"verb","build_destroy",0
81,5,0,"verb","build_destroy",1
82,5,1,"verb","build_destroy",1
83,5,0,"verb","build_destroy",1
84,5,1,"verb","build_destroy",1
85,5,1,"verb","build_destroy",0
86,5,1,"verb","build_destroy",1
87,5,1,"verb","build_destroy",1
88,4,1,"verb","build_destroy",1
89,5,1,"verb","build_destroy",1
90,4,0,"verb","build_destroy",0
91,5,0,"verb","build_destroy",1
92,5,0,"verb","build_destroy",1
93,5,1,"verb","build_destroy",1
94,4,0,"verb","build_destroy",1
96,5,1,"verb","build_destroy",0
98,4,0,"verb","build_destroy",1
99,4,1,"verb","build_destroy",1
100,4,1,"verb","build_destroy",1
101,5,1,"verb","build_destroy",1
102,4,0,"verb","build_destroy",1
103,4,1,"verb","build_destroy",1
104,4,1,"verb","build_destroy",1
105,4,1,"verb","build_destroy",1
106,5,0,"verb","build_destroy",1
107,4,1,"verb","build_destroy",1
108,5,0,"verb","build_destroy",0
109,4,1,"verb","build_destroy",1
111,5,1,"verb","build_destroy",0
112,4,1,"verb","build_destroy",1
113,4,1,"verb","build_destroy",1
114,5,1,"verb","build_destroy",1
115,4,0,"verb","build_destroy",0
116,4,0,"verb","build_destroy",0
117,4,0,"verb","build_destroy",1
118,4,0,"verb","build_destroy",0
119,4,0,"verb","build_destroy",1
120,4,0,"verb","build_destroy",0
122,4,1,"verb","build_destroy",1
123,4,1,"verb","build_destroy",1
124,4,1,"verb","build_destroy",1
125,4,1,"verb","build_destroy",1
1,4,1,"verb","play_work",1
2,5,1,"verb","play_work",1
3,5,1,"verb","play_work",1
4,5,1,"verb","play_work",1
5,5,1,"verb","play_work",1
6,5,1,"verb","play_work",1
7,4,0,"verb","play_work",1
8,5,0,"verb","play_work",0
9,5,0,"verb","play_work",1
10,4,0,"verb","play_work",1
11,5,0,"verb","play_work",0
12,4,1,"verb","play_work",1
13,5,1,"verb","play_work",1
14,4,1,"verb","play_work",1
15,4,1,"verb","play_work",0
16,4,1,"verb","play_work",1
18,5,0,"verb","play_work",0
20,5,0,"verb","play_work",0
22,4,1,"verb","play_work",1
23,5,1,"verb","play_work",0
24,4,1,"verb","play_work",0
26,4,1,"verb","play_work",0
27,5,0,"verb","play_work",0
28,4,0,"verb","play_work",1
31,5,0,"verb","play_work",0
32,4,1,"verb","play_work",0
33,4,1,"verb","play_work",0
35,4,1,"verb","play_work",1
36,5,1,"verb","play_work",1
37,4,0,"verb","play_work",0
38,4,0,"verb","play_work",1
42,4,1,"verb","play_work",0
43,5,1,"verb","play_work",1
44,4,1,"verb","play_work",1
45,4,1,"verb","play_work",0
46,4,1,"verb","play_work",1
47,4,0,"verb","play_work",0
48,5,0,"verb","play_work",1
49,5,0,"verb","play_work",1
50,4,0,"verb","play_work",1
51,4,0,"verb","play_work",1
52,5,1,"verb","play_work",0
53,5,1,"verb","play_work",0
54,5,1,"verb","play_work",1
55,5,1,"verb","play_work",1
58,4,0,"verb","play_work",1
59,4,0,"verb","play_work",0
60,5,0,"verb","play_work",1
61,4,0,"verb","play_work",0
62,5,0,"verb","play_work",0
63,5,0,"verb","play_work",1
64,4,0,"verb","play_work",0
66,5,0,"verb","play_work",0
67,4,0,"verb","play_work",0
68,5,0,"verb","play_work",1
69,5,0,"verb","play_work",0
70,5,0,"verb","play_work",1
71,5,0,"verb","play_work",1
72,4,0,"verb","play_work",0
73,5,0,"verb","play_work",1
75,5,0,"verb","play_work",1
76,5,0,"verb","play_work",1
77,5,0,"verb","play_work",1
78,4,0,"verb","play_work",1
79,5,0,"verb","play_work",1
80,5,0,"verb","play_work",1
81,5,0,"verb","play_work",0
82,5,1,"verb","play_work",1
83,5,0,"verb","play_work",1
84,5,1,"verb","play_work",1
85,5,1,"verb","play_work",0
86,5,1,"verb","play_work",1
87,5,1,"verb","play_work",1
88,4,1,"verb","play_work",1
89,5,1,"verb","play_work",0
90,4,0,"verb","play_work",1
91,5,0,"verb","play_work",1
92,5,0,"verb","play_work",1
93,5,1,"verb","play_work",1
94,4,0,"verb","play_work",0
96,5,1,"verb","play_work",1
98,4,0,"verb","play_work",1
99,4,1,"verb","play_work",1
100,4,1,"verb","play_work",1
101,5,1,"verb","play_work",1
102,4,0,"verb","play_work",0
103,4,1,"verb","play_work",0
104,4,1,"verb","play_work",1
105,4,1,"verb","play_work",1
106,5,0,"verb","play_work",1
107,4,1,"verb","play_work",1
108,5,0,"verb","play_work",1
109,4,1,"verb","play_work",0
111,5,1,"verb","play_work",1
112,4,1,"verb","play_work",1
113,4,1,"verb","play_work",1
114,5,1,"verb","play_work",1
115,4,0,"verb","play_work",0
116,4,0,"verb","play_work",0
117,4,0,"verb","play_work",1
118,4,0,"verb","play_work",1
119,4,0,"verb","play_work",0
120,4,0,"verb","play_work",0
122,4,1,"verb","play_work",1
123,4,1,"verb","play_work",0
124,4,1,"verb","play_work",1
125,4,1,"verb","play_work",0
1,4,1,"verb","push_pull",1
2,5,1,"verb","push_pull",1
3,5,1,"verb","push_pull",1
4,5,1,"verb","push_pull",1
5,5,1,"verb","push_pull",1
6,5,1,"verb","push_pull",1
7,4,0,"verb","push_pull",0
8,5,0,"verb","push_pull",0
9,5,0,"verb","push_pull",1
10,4,0,"verb","push_pull",0
11,5,0,"verb","push_pull",0
12,4,1,"verb","push_pull",1
13,5,1,"verb","push_pull",1
14,4,1,"verb","push_pull",1
15,4,1,"verb","push_pull",0
16,4,1,"verb","push_pull",1
18,5,0,"verb","push_pull",0
20,5,0,"verb","push_pull",0
22,4,1,"verb","push_pull",0
23,5,1,"verb","push_pull",1
24,4,1,"verb","push_pull",1
26,4,1,"verb","push_pull",1
27,5,0,"verb","push_pull",1
28,4,0,"verb","push_pull",1
31,5,0,"verb","push_pull",0
32,4,1,"verb","push_pull",0
33,4,1,"verb","push_pull",1
35,4,1,"verb","push_pull",1
36,5,1,"verb","push_pull",1
37,4,0,"verb","push_pull",0
38,4,0,"verb","push_pull",0
42,4,1,"verb","push_pull",1
43,5,1,"verb","push_pull",1
44,4,1,"verb","push_pull",0
45,4,1,"verb","push_pull",0
46,4,1,"verb","push_pull",1
47,4,0,"verb","push_pull",0
48,5,0,"verb","push_pull",0
49,5,0,"verb","push_pull",1
50,4,0,"verb","push_pull",0
51,4,0,"verb","push_pull",0
52,5,1,"verb","push_pull",1
53,5,1,"verb","push_pull",1
54,5,1,"verb","push_pull",1
55,5,1,"verb","push_pull",1
58,4,0,"verb","push_pull",1
59,4,0,"verb","push_pull",0
60,5,0,"verb","push_pull",1
61,4,0,"verb","push_pull",1
62,5,0,"verb","push_pull",1
63,5,0,"verb","push_pull",1
64,4,0,"verb","push_pull",0
66,5,0,"verb","push_pull",0
67,4,0,"verb","push_pull",0
68,5,0,"verb","push_pull",0
69,5,0,"verb","push_pull",0
70,5,0,"verb","push_pull",0
71,5,0,"verb","push_pull",0
72,4,0,"verb","push_pull",0
73,5,0,"verb","push_pull",1
75,5,0,"verb","push_pull",1
76,5,0,"verb","push_pull",1
77,5,0,"verb","push_pull",0
78,4,0,"verb","push_pull",1
79,5,0,"verb","push_pull",0
80,5,0,"verb","push_pull",1
81,5,0,"verb","push_pull",1
82,5,1,"verb","push_pull",1
83,5,0,"verb","push_pull",1
84,5,1,"verb","push_pull",1
85,5,1,"verb","push_pull",0
86,5,1,"verb","push_pull",1
87,5,1,"verb","push_pull",1
88,4,1,"verb","push_pull",1
89,5,1,"verb","push_pull",1
90,4,0,"verb","push_pull",0
91,5,0,"verb","push_pull",1
92,5,0,"verb","push_pull",1
93,5,1,"verb","push_pull",1
94,4,0,"verb","push_pull",0
96,5,1,"verb","push_pull",0
98,4,0,"verb","push_pull",1
99,4,1,"verb","push_pull",1
100,4,1,"verb","push_pull",1
101,5,1,"verb","push_pull",1
102,4,0,"verb","push_pull",0
103,4,1,"verb","push_pull",1
104,4,1,"verb","push_pull",1
105,4,1,"verb","push_pull",1
106,5,0,"verb","push_pull",1
107,4,1,"verb","push_pull",0
108,5,0,"verb","push_pull",0
109,4,1,"verb","push_pull",1
111,5,1,"verb","push_pull",0
112,4,1,"verb","push_pull",1
113,4,1,"verb","push_pull",1
114,5,1,"verb","push_pull",1
115,4,0,"verb","push_pull",0
116,4,0,"verb","push_pull",0
117,4,0,"verb","push_pull",1
118,4,0,"verb","push_pull",0
119,4,0,"verb","push_pull",1
120,4,0,"verb","push_pull",0
122,4,1,"verb","push_pull",1
123,4,1,"verb","push_pull",0
124,4,1,"verb","push_pull",1
125,4,1,"verb","push_pull",0
1,4,1,"verb","whisper_shout",0
2,5,1,"verb","whisper_shout",1
3,5,1,"verb","whisper_shout",1
4,5,1,"verb","whisper_shout",1
5,5,1,"verb","whisper_shout",0
6,5,1,"verb","whisper_shout",0
7,4,0,"verb","whisper_shout",1
8,5,0,"verb","whisper_shout",1
9,5,0,"verb","whisper_shout",1
10,4,0,"verb","whisper_shout",1
11,5,0,"verb","whisper_shout",0
12,4,1,"verb","whisper_shout",1
13,5,1,"verb","whisper_shout",1
14,4,1,"verb","whisper_shout",1
15,4,1,"verb","whisper_shout",1
16,4,1,"verb","whisper_shout",0
18,5,0,"verb","whisper_shout",1
20,5,0,"verb","whisper_shout",1
22,4,1,"verb","whisper_shout",0
23,5,1,"verb","whisper_shout",0
24,4,1,"verb","whisper_shout",0
26,4,1,"verb","whisper_shout",1
27,5,0,"verb","whisper_shout",1
28,4,0,"verb","whisper_shout",0
31,5,0,"verb","whisper_shout",1
32,4,1,"verb","whisper_shout",0
33,4,1,"verb","whisper_shout",0
35,4,1,"verb","whisper_shout",0
36,5,1,"verb","whisper_shout",1
37,4,0,"verb","whisper_shout",0
38,4,0,"verb","whisper_shout",0
42,4,1,"verb","whisper_shout",0
43,5,1,"verb","whisper_shout",1
44,4,1,"verb","whisper_shout",1
45,4,1,"verb","whisper_shout",0
46,4,1,"verb","whisper_shout",0
47,4,0,"verb","whisper_shout",0
48,5,0,"verb","whisper_shout",1
49,5,0,"verb","whisper_shout",1
50,4,0,"verb","whisper_shout",1
51,4,0,"verb","whisper_shout",1
52,5,1,"verb","whisper_shout",0
53,5,1,"verb","whisper_shout",1
54,5,1,"verb","whisper_shout",0
55,5,1,"verb","whisper_shout",1
58,4,0,"verb","whisper_shout",1
59,4,0,"verb","whisper_shout",0
60,5,0,"verb","whisper_shout",0
61,4,0,"verb","whisper_shout",1
62,5,0,"verb","whisper_shout",0
63,5,0,"verb","whisper_shout",0
64,4,0,"verb","whisper_shout",0
66,5,0,"verb","whisper_shout",0
67,4,0,"verb","whisper_shout",0
68,5,0,"verb","whisper_shout",1
69,5,0,"verb","whisper_shout",0
70,5,0,"verb","whisper_shout",0
71,5,0,"verb","whisper_shout",0
72,4,0,"verb","whisper_shout",0
73,5,0,"verb","whisper_shout",1
75,5,0,"verb","whisper_shout",1
76,5,0,"verb","whisper_shout",1
77,5,0,"verb","whisper_shout",0
78,4,0,"verb","whisper_shout",0
79,5,0,"verb","whisper_shout",0
80,5,0,"verb","whisper_shout",1
81,5,0,"verb","whisper_shout",0
82,5,1,"verb","whisper_shout",1
83,5,0,"verb","whisper_shout",0
84,5,1,"verb","whisper_shout",1
85,5,1,"verb","whisper_shout",0
86,5,1,"verb","whisper_shout",1
87,5,1,"verb","whisper_shout",0
88,4,1,"verb","whisper_shout",1
89,5,1,"verb","whisper_shout",1
90,4,0,"verb","whisper_shout",0
91,5,0,"verb","whisper_shout",1
92,5,0,"verb","whisper_shout",0
93,5,1,"verb","whisper_shout",0
94,4,0,"verb","whisper_shout",1
96,5,1,"verb","whisper_shout",0
98,4,0,"verb","whisper_shout",0
99,4,1,"verb","whisper_shout",1
100,4,1,"verb","whisper_shout",1
101,5,1,"verb","whisper_shout",1
102,4,0,"verb","whisper_shout",1
103,4,1,"verb","whisper_shout",0
104,4,1,"verb","whisper_shout",1
105,4,1,"verb","whisper_shout",1
106,5,0,"verb","whisper_shout",1
107,4,1,"verb","whisper_shout",1
108,5,0,"verb","whisper_shout",1
109,4,1,"verb","whisper_shout",0
111,5,1,"verb","whisper_shout",0
112,4,1,"verb","whisper_shout",1
113,4,1,"verb","whisper_shout",1
114,5,1,"verb","whisper_shout",1
115,4,0,"verb","whisper_shout",1
116,4,0,"verb","whisper_shout",0
117,4,0,"verb","whisper_shout",1
118,4,0,"verb","whisper_shout",0
119,4,0,"verb","whisper_shout",1
120,4,0,"verb","whisper_shout",1
122,4,1,"verb","whisper_shout",1
123,4,1,"verb","whisper_shout",1
124,4,1,"verb","whisper_shout",1
125,4,1,"verb","whisper_shout",0
